,0,1,2,3,4
21x22,0.0019143107,0.00069432135,0.0023702802,0.0009831167,0.001431941
14x11,0.0018400588,0.00038241796,0.002655633,0.0031078989,0.0017526555
25x21,0.0019846614,0.00080669153,0.0027422165,0.00064975506,0.0016660407
14x17,0.0011850081,0.0022976252,0.00021130386,0.00441251,0.00084968645
29x23,0.0014044627,0.00056374527,0.0019673547,0.0007498294,0.0036465656
11x21,0.00080765365,0.00075151847,0.0003002759,0.0043234015,0.00226477
19x10,0.0022674073,0.00069745886,0.0011780692,0.00094179076,0.0011699902
23x15,0.0021246877,0.00047632674,0.00021678861,0.0005326862,0.003920401
15x15,0.0013849804,0.0013895463,0.0017037165,0.0010220221,0.0019657898
21x14,0.0016144811,0.00036150555,0.00026566436,0.0012362612,0.0043281433
20x31,0.0010095562,0.0010975975,0.0024166005,0.003833363,0.0033720706
18x33,0.0011848685,0.0008126245,0.0022968946,0.0025307974,0.0034968415
17x17,0.0028981604,0.0007292139,0.002065701,0.00070685876,0.0015587105
11x26,0.0005450736,0.006248082,0.0010776323,0.0007012523,0.0011011695
16x26,0.0003774309,0.0008920816,0.0014599123,0.0043724445,0.0018493988
29x19,0.00061813847,0.0022361393,0.0016603423,0.0010558331,0.005355845
18x21,0.0012959556,0.00079126225,0.0018627559,0.003785569,0.0019151326
6x15,0.002631045,0.0014433018,0.0017117898,0.001367202,0.0004239735
14x16,0.0017480121,0.00038093948,0.0016819285,0.0014155594,0.0017575449
9x26,0.0011745577,0.0029080063,0.0015402834,0.002115759,0.000858942
17x30,0.00014624742,0.0064940704,0.0011543898,0.00128046,0.0012360975
22x23,0.0024106645,0.0007168706,0.002060721,0.0011374903,0.001572784
22x31,0.0006852404,0.0012606204,0.0018930635,0.002341227,0.0023658664
25x19,0.0024899158,0.0009800015,0.0020391,0.0012825127,0.00088028406
13x27,0.0011083768,0.0044830255,0.000786886,0.00053538964,0.00081717386
24x24,0.0019313644,0.0007202021,0.0015322447,0.0016747656,0.0015706803
19x22,0.0020587654,0.0007513207,0.0025578085,0.0011956152,0.0016441703
13x24,0.001518614,0.00067319936,0.0011656547,0.0009424983,0.00087931834
22x22,0.0013308278,0.0005044416,0.0033373148,0.0013145094,0.0021376482
10x21,0.0014545721,0.0010516904,0.0015900638,0.0021084507,0.0008878425
21x18,0.0011086421,0.00066779216,0.0020173413,0.0009367492,0.002371574
16x10,0.0022237075,0.00039283422,0.0014546945,0.00041669435,0.0041245287
22x10,0.0019527548,0.00085104146,0.001351621,0.0015907554,0.000763704
24x21,0.0018887796,0.00090436736,0.0025109383,0.00074368186,0.0009711848
19x21,0.002385527,0.000514996,0.001614265,0.002192927,0.00315599
7x23,0.0028955827,0.0012487136,0.0006721427,0.0020031906,0.00059991184
26x28,0.0014623504,0.00093157095,0.0023916585,0.0016853581,0.0018498749
17x26,0.0003639141,0.00047520635,0.0011756436,0.005080924,0.0017212614
20x25,0.0015740403,0.0007893812,0.0023315982,0.0025257894,0.0014338954
17x21,0.002268448,0.00024916735,0.00069312734,0.0023119561,0.0016787497
27x12,0.0027439396,0.001229993,0.0016221066,0.0004552152,0.00044859078
11x9,0.0013145279,0.0015598076,0.0013778681,0.00070398516,0.002282513
27x11,0.0014717509,0.0005320866,0.0027990541,0.0005044101,0.0020155155
25x28,0.0012198201,0.0011598938,0.0024344472,0.0020503264,0.0018708821
8x24,0.0007011586,0.0056224535,0.00047780253,0.00097624445,0.00094066
9x29,0.0013531481,0.0022191706,0.0009389888,0.0032989786,0.00055776327
17x24,0.00071513746,0.00040433326,0.0013147781,0.0048249434,0.0010797454
16x30,0.0005304528,0.005856019,0.00047467247,0.0012626647,0.000904225
9x18,0.0012974254,0.003183516,0.00043773535,0.0030751012,0.0011188317
6x24,0.0017543213,0.0012499903,0.0013452584,0.00091360504,0.0004919857
9x27,0.0010924188,0.0030029027,0.0011243786,0.0019034554,0.0007446817
6x23,0.001999597,0.00090952084,0.0015029884,0.0024988395,0.0008167991
23x10,0.0017557826,0.0010704115,0.0011682058,0.0012090106,0.0011384172
21x13,0.0018799483,0.00042841534,0.0027185685,0.00047113516,0.0008112372
19x24,0.0022029118,0.0004632582,0.0028066311,0.0010897223,0.00072873186
27x19,0.0009954739,0.0010219074,0.0035939936,0.0006618524,0.0056087277
21x31,0.0018315855,0.00074980967,0.0018331333,0.0017857001,0.0017680116
29x12,0.001527917,0.0020054602,0.0027951405,0.0008768457,0.0009334205
24x19,0.0023236102,0.0009592514,0.00171973,0.00042669784,0.0012267114
30x18,0.00095551804,0.00095532555,0.0013366686,0.001106926,0.0048565445
8x20,0.002291693,0.001322893,0.0023612701,0.0012462398,0.0008267118
28x14,0.002214261,0.0006221433,0.001340786,0.0012904924,0.0017666597
22x28,0.001047195,0.001382886,0.003229244,0.0010735706,0.0018700105
19x17,0.002578678,0.00031614464,0.0015395748,0.0025111241,0.0034626222
16x25,0.00078126765,0.00062448514,0.0020105026,0.006631598,0.0014734732
7x12,0.00156325,0.00070529536,0.0019295694,0.00080014125,0.0010672796
3x27,0.0012415776,0.0036986042,0.00068049645,0.00093925867,0.0006000356
10x13,0.00252459,0.0020774503,0.0020996337,0.00042850515,0.0011833735
16x13,0.002222632,0.0002251406,0.0018222793,0.00039317738,0.0048804707
30x17,0.0016950095,0.00065748085,0.0028157036,0.0005037872,0.001146319
28x18,0.0013244717,0.00090094126,0.002891455,0.0010451276,0.0018636403
8x23,0.002272358,0.0016835475,0.0006530511,0.002262373,0.00043475034
24x15,0.0029324484,0.0009114993,0.0008583914,0.0006317542,0.001812835
24x28,0.0011437755,0.001571988,0.0015907636,0.0016424437,0.0024123066
14x27,0.0005010747,0.007815453,0.0007745511,0.0009101014,0.0008916403
18x27,0.00024963098,0.0004955296,0.0014508915,0.004760267,0.0015672562
13x28,0.0012649422,0.002396851,0.0012002052,0.0016642888,0.0002923975
24x23,0.0014887118,0.00030122517,0.0011647933,0.0016729225,0.0010744565
6x20,0.0018317892,0.0004650104,0.0014924046,0.0020003084,0.00050799455
4x20,0.0012020486,0.0041013127,0.0005984652,0.0006424685,0.001157244
8x12,0.002137957,0.0010543653,0.0011858729,0.00042642438,0.000662119
32x11,0.0023998497,0.0012831072,0.0011285866,0.00045360785,0.0011081072
30x11,0.0022870824,0.0012465058,0.0021062922,0.0006525235,0.0008367315
26x14,0.0024169185,0.0003409534,0.0016509107,0.00053330656,0.0018145151
6x13,0.002444327,0.0011649068,0.0020771667,0.00042249612,0.00038242646
16x22,0.0028232667,0.0005217812,0.00042956075,0.0025546907,0.00084087905
12x20,0.00092847645,0.0040154615,0.0005970473,0.0020965484,0.001984153
9x12,0.0028385743,0.0018362982,0.0011149354,0.0005125642,0.0010030674
13x20,0.0004676288,0.0022493743,0.0015577488,0.0062803226,0.0011824557
24x25,0.0013672808,0.0017125632,0.0028866036,0.001170028,0.0014046915
31x12,0.0029808024,0.0008666699,0.0018206066,0.00046170191,0.00085630553
12x10,0.0022534728,0.0005161419,0.0028120957,0.00053183746,0.0009034492
15x28,0.0007835296,0.006939379,0.00068847364,0.0009708486,0.00061994314
26x22,0.0016675355,0.0010110496,0.0020947568,0.0011537839,0.0015104251
19x18,0.0018941117,0.0011088314,0.0020016886,0.000695133,0.0023765427
7x20,0.002834925,0.0010351884,0.0013065012,0.0025961513,0.0005584841
11x10,0.00280199,0.0007814574,0.0020222883,0.00047686996,0.00092397595
18x31,0.0013734647,0.0010163505,0.00085572153,0.0061711376,0.0025944798
29x10,0.0022079176,0.0007236012,0.0015738875,0.0010458835,0.0008851306
17x29,0.00046469888,0.002280519,0.001994488,0.0038070031,0.0008136186
20x9,0.0019896564,0.0014772041,0.002222805,0.0007534795,0.0018538984
19x26,0.0015473169,0.0013551309,0.0020735522,0.0022467515,0.0010683057
31x17,0.00048207326,0.005016455,0.0005918546,0.0003651021,0.0014816099
7x17,0.0020953168,0.0011762725,0.001605874,0.0010020789,0.0004975926
12x19,0.0004571567,0.0040708343,0.00043521452,0.00195842,0.00069874525
10x26,0.00086451357,0.0024368276,0.00062815135,0.0010004492,0.0008788541
25x18,0.0036045117,0.00090819795,0.002099778,0.0009566198,0.0006581797
17x33,0.0007927518,0.003092389,0.00045149543,0.006418433,0.0018777875
10x23,0.0021556155,0.0009791448,0.00080167264,0.0012842871,0.0009769598
17x14,0.0026762418,0.0014274969,0.0012051607,0.00062651053,0.0007928352
31x13,0.002130021,0.0009005998,0.0018179015,0.0006310083,0.0007085241
24x13,0.003220465,0.0005071521,0.0031577104,0.0007062599,0.0020587284
20x19,0.0007662026,0.00062611414,0.0027224177,0.009850178,0.0019840389
11x27,0.0015642773,0.0036299278,0.0025735153,0.0006402857,0.00071497145
15x21,0.001528067,0.0017338619,0.0005146849,0.0044012167,0.0009109387
16x21,0.002079458,0.00033572098,0.0007658753,0.0030381663,0.00089813786
14x23,0.0015073197,0.0007771269,0.0005894945,0.0036587291,0.0025414778
15x17,0.0010777579,0.0011351194,0.00016705102,0.005654195,0.0006659037
21x29,0.0009270114,0.0010596635,0.0027064027,0.0014834855,0.0018552532
8x26,0.000861597,0.0041424427,0.00041359226,0.0016270226,0.00081243616
7x16,0.0015896629,0.0015776182,0.00090300187,0.001143522,0.00055123057
28x22,0.0009611917,0.0022759328,0.0005413516,0.001534031,0.00532004
21x20,0.0025729015,0.00058217504,0.005623551,0.0018438054,0.0004995211
19x32,0.0015814338,0.00068245456,0.0026020827,0.0011247821,0.0026499436
15x25,0.0011769189,0.00033978053,0.001996995,0.007893549,0.00056025037
14x14,0.003020732,0.0012148288,0.0014115039,0.000794002,0.001303443
12x14,0.0026714383,0.00072161085,0.0027557588,0.00051203655,0.0014327127
10x11,0.0019655912,0.0005961172,0.0019409914,0.0010397761,0.0013584999
4x26,0.001549532,0.004130263,0.0016017501,0.0013447729,0.0005281902
4x24,0.0016349517,0.0019463106,0.0015215639,0.001962622,0.0012392697
14x13,0.0012360512,0.000870643,0.0017679416,0.00042395887,0.0017147306
11x20,0.000720287,0.001711687,0.0014455917,0.003763307,0.001050354
23x14,0.00209046,0.0003943909,0.0022008212,0.0011665912,0.0018858027
26x19,0.0014448151,0.0009125133,0.0038238966,0.0005422681,0.0014331923
15x30,0.000567313,0.007125471,0.0006133291,0.0012050301,0.00059484283
6x10,0.0007924666,0.00039824558,0.0004764276,0.0015061855,0.005635667
27x10,0.0011349604,0.0005019873,0.003073997,0.0010887112,0.0012518519
27x25,0.0010793586,0.0010920138,0.0015373152,0.0019204476,0.0013719567
20x28,0.0015780552,0.00091618934,0.0021032342,0.00078088103,0.0017097408
8x10,0.0018936285,0.00035370694,0.0004111699,0.0005517252,0.0058066333
22x13,0.0029435277,0.0011426493,0.00105463,0.00068405154,0.0013186461
10x22,0.0019856982,0.00073268835,0.0015456643,0.0022536828,0.0003889664
19x9,0.0014603644,0.0009981814,0.0016030932,0.0009435749,0.0015095078
24x26,0.0008569114,0.0010152038,0.0026280105,0.0009568588,0.002510489
3x32,0.0012910165,0.0012194413,0.0010327552,0.0027788696,0.00084954366
20x11,0.0022503904,0.00069818547,0.0031070523,0.00072405685,0.0022413027
23x31,0.0007806154,0.0018582942,0.0018736826,0.0007775004,0.0022079719
22x29,0.000844587,0.001424198,0.0024099802,0.001344379,0.0024666605
25x15,0.0029803698,0.0007268199,0.0021197624,0.00067522045,0.0011235029
17x28,0.0005668105,0.0013026085,0.0022190958,0.008050932,0.0012419157
23x21,0.0009974345,0.00058529514,0.0024044656,0.0006462833,0.0011673352
20x16,0.002458922,0.000323856,0.0002960104,0.00045673022,0.0025299336
25x17,0.00080374914,0.0006948239,0.002416009,0.0006966023,0.0005014049
9x15,0.0028803633,0.0017865631,0.0009670105,0.001827237,0.00044538488
16x33,0.0007023646,0.0033387693,0.0010801407,0.002558858,0.0010835651
21x24,0.0015679642,0.0012875346,0.0018210055,0.0017593378,0.0011348912
11x29,0.00056297117,0.009588369,0.00092292967,0.0005992045,0.001294812
5x16,0.001498391,0.0015908874,0.0035557554,0.00076052535,0.00057446683
23x17,0.002641486,0.00047613416,0.000410219,0.0004970806,0.0047665364
16x17,0.0014394475,0.00062520395,0.0014382801,0.001241342,0.0010744227
15x19,0.00029665054,0.006169048,0.00040176246,0.0019804453,0.0010027549
11x32,0.0015513675,0.0029689036,0.0012126974,0.0021224376,0.0006850981
10x15,0.0012930688,0.0010850809,0.00053470157,0.0029088187,0.00086215
25x30,0.0016134062,0.0007861804,0.0022841094,0.0016671641,0.0017741686
6x27,0.0020058677,0.0023423787,0.0012640079,0.0014913379,0.0004570688
6x11,0.0022005828,0.00086691335,0.0019177564,0.0005458015,0.0011391643
21x12,0.0027442435,0.0006059219,0.002219163,0.00080929307,0.0018814885
12x15,0.0023475003,0.0007540953,0.0015142885,0.0023204929,0.0006017689
11x14,0.0032961534,0.0012866436,0.0015110112,0.0012176225,0.00052275736
8x16,0.0018601508,0.002017741,0.001320749,0.0013535585,0.0010670387
16x11,0.0015861704,0.0013040961,0.00093812484,0.00059520896,0.007981936
26x21,0.0011639574,0.00057977886,0.0015969117,0.0012454835,0.0010701446
12x21,0.0010457012,0.0034462782,0.0003592539,0.0027638024,0.0013094367
18x25,0.0012532937,0.00035686282,0.002094553,0.0030913695,0.0010795131
9x17,0.0011746677,0.0024198575,0.00033685722,0.0031054206,0.0007011568
25x26,0.00078455196,0.0017536354,0.002773348,0.00078473735,0.0027114456
21x27,0.00072404265,0.00037623767,0.0040151356,0.0015040672,0.0018657692
12x31,0.0015055957,0.002555392,0.0005452325,0.0019353477,0.00054518576
6x21,0.002905105,0.0010752226,0.0019880247,0.0006645636,0.00056166213
11x13,0.0013761268,0.001372265,0.0015738581,0.00068828394,0.0009947472
13x18,0.00030975245,0.0032129656,0.00036350903,0.0025318353,0.0008680357
4x27,0.001992814,0.004621463,0.0011282845,0.0007108955,0.00051508244
16x12,0.0033854474,0.00039717977,0.001174705,0.00045093618,0.0012646706
3x28,0.000845355,0.0054017142,0.0003358468,0.0015051804,0.00131694
26x25,0.0022831324,0.00050014455,0.00050031237,0.0010448988,0.0014457857
12x13,0.0033827992,0.00089579093,0.0025694622,0.00038091198,0.00058459025
30x14,0.0025724247,0.0005306096,0.0018788311,0.00051581435,0.0008451438
10x30,0.0005587038,0.0058892546,0.0006711583,0.0005885425,0.00074199174
23x9,0.0024634383,0.0016224129,0.0017571043,0.0013881724,0.001926902
18x24,0.0011098322,0.0016165901,0.0014185191,0.0026469193,0.00227309
30x21,0.0008845966,0.0012754892,0.0013732197,0.0007859458,0.0057572974
9x30,0.0015919019,0.0024098973,0.0004956393,0.0018509654,0.0007110571
7x32,0.0028440603,0.0029495554,0.00033725155,0.001950627,0.0004264192
12x27,0.0006054763,0.003617579,0.0023760237,0.0011112769,0.0006039256
28x11,0.0015057711,0.0009780908,0.0030804537,0.00060701143,0.0013564595
21x17,0.0018338998,0.00041135086,0.00032529645,0.00038707603,0.004613343
5x23,0.0023814319,0.0007644261,0.0008574703,0.0020721178,0.0006216353
14x28,0.001338508,0.003111957,0.0020784438,0.0009018683,0.00092875434
21x15,0.0020883759,0.00046955797,0.0003539255,0.0006860324,0.0044732406
15x27,0.00038315784,0.008575481,0.00042543927,0.00080727885,0.0008942365
7x24,0.000884718,0.0022371912,0.0005732262,0.0019226209,0.00085823267
23x22,0.001647534,0.0012987031,0.0014591101,0.0008388202,0.0017179514
20x29,0.0009811132,0.00079780805,0.0038171234,0.003633566,0.002586269
24x17,0.0020330332,0.00030592692,0.0024304725,0.0006249396,0.0022251958
18x10,0.0029590714,0.0014370515,0.0009920541,0.0005498593,0.0027980409
10x12,0.0023744188,0.0005603103,0.0017397107,0.00067523436,0.00059061573
6x25,0.0016426226,0.0018080218,0.0012119471,0.0011621424,0.0005433407
20x23,0.0028650037,0.0008934264,0.0023858147,0.0014135824,0.0025614414
17x10,0.001117133,0.00086845993,0.00087527157,0.0005067069,0.0039144573
12x32,0.002686272,0.0007900914,0.0011384721,0.0012078409,0.00043416457
7x29,0.001129542,0.0032910786,0.0011106797,0.0037834542,0.0008701193
20x12,0.002305004,0.0003983547,0.0009765408,0.0017364732,0.0017006067
14x10,0.001984632,0.0010649685,0.0008756711,0.0006873128,0.0020046723
9x25,0.0009206234,0.0066378657,0.0016144394,0.00054885,0.0010202995
19x31,0.0016388835,0.0012953676,0.002079974,0.0012046575,0.0023673796
19x12,0.0032817705,0.0008722545,0.0010797047,0.0005724294,0.0022080299
17x31,0.0004918305,0.007494514,0.00071655295,0.0010167196,0.0011492632
4x31,0.0019022841,0.000711067,0.0015110999,0.0017729438,0.0008933451
9x33,0.0028495532,0.0030949342,0.00064751215,0.0010634089,0.0013436248
3x29,0.0012977328,0.0030570144,0.0008852717,0.0010654164,0.00079207553
11x16,0.0015699496,0.0026183133,0.0013001803,0.0032024758,0.0004613487
23x18,0.0029709304,0.0006764666,0.0012617853,0.00042191715,0.002332763
23x16,0.0013942469,0.00035168362,0.00029625103,0.0005182954,0.0058953012
7x14,0.0021288244,0.0008805193,0.0016125394,0.00068269076,0.00057864806
9x11,0.0026307164,0.0008827924,0.0015578164,0.0006403754,0.0016210222
27x15,0.0026459678,0.00071137585,0.002287605,0.0003881991,0.0010633598
27x24,0.0010934426,0.0012061674,0.0019707314,0.0010510194,0.0020207826
26x20,0.00202607,0.0003356313,0.0026274174,0.00078391534,0.0018351781
25x14,0.0032477886,0.0010471365,0.0009230463,0.000853346,0.0023716434
32x12,0.002048863,0.0007589228,0.0019936715,0.00047189454,0.00037678843
9x21,0.0018932445,0.0006898646,0.002039407,0.0017719758,0.0005340344
16x28,0.00090807176,0.0045170737,0.00046537607,0.0014137711,0.0011201064
12x25,0.0024026858,0.0012040857,0.0017511657,0.00067541114,0.0010943429
15x9,0.0023806514,0.0002884285,0.0012864488,0.0013360599,0.0028966204
29x17,0.0016617263,0.0008181272,0.0017122027,0.00048755383,0.002253618
8x31,0.0017165004,0.0038027798,0.0005169551,0.0009440632,0.0005270145
5x20,0.0010472251,0.00583518,0.0004454135,0.0004708048,0.0012341616
5x24,0.0011757436,0.0014704076,0.0011833538,0.002060929,0.0007968531
24x18,0.0020172398,0.0008164272,0.002451227,0.0004964296,0.0011094828
31x15,0.002905134,0.0004189908,0.002895686,0.0004154379,0.0013590351
17x20,0.0014632466,0.00020828606,0.0018335392,0.0033820213,0.0018090975
8x25,0.0014083345,0.0026553432,0.0019409297,0.0013679182,0.00086912414
14x26,0.001612807,0.0005885855,0.0027668653,0.0032177067,0.0015760019
10x19,0.0010765548,0.0012696728,0.00091058685,0.0037818134,0.0020334534
27x28,0.0015137043,0.0020462591,0.0033707959,0.00095946837,0.00254466
29x21,0.00065764884,0.0013771737,0.0006685468,0.000608901,0.00856796
5x17,0.0018978347,0.0017826608,0.0028311957,0.0008577035,0.00062454643
4x21,0.00027906554,0.0078117265,0.00044939437,0.0005371396,0.0007012008
4x32,0.0020614618,0.0017171615,0.0017541985,0.0015714217,0.0006190168
17x22,0.001880411,0.0003821515,0.00032879523,0.0014415953,0.000908061
17x16,0.0025080228,0.0008825355,0.00083560083,0.00085702754,0.0021996296
3x26,0.0009930688,0.0037765559,0.0008925808,0.00089575065,0.0010442869
18x32,0.0011973197,0.00058219,0.0016518832,0.003107079,0.0020251009
11x33,0.0012541412,0.0009007548,0.0012833759,0.0021339338,0.00094551744
8x13,0.00205924,0.0010767934,0.002826159,0.00047395454,0.0010836271
15x23,0.002566022,0.000864851,0.001640753,0.001884893,0.0008698721
31x11,0.0014814578,0.0011653453,0.0019975058,0.00064085936,0.0007842411
22x21,0.0013806332,0.0013972811,0.0021302556,0.0006375858,0.00094642525
29x14,0.0013582294,0.0002792654,0.0030574074,0.000287477,0.00072775816
22x18,0.0027239225,0.00022874854,0.0011078388,0.0010183082,0.0030151296
26x15,0.0015395316,0.0010342775,0.0025885052,0.00069687574,0.0010324024
28x21,0.00085661886,0.0004012243,0.00050355156,0.00044705343,0.005562852
22x24,0.0015662778,0.0006759881,0.0015297906,0.0012930261,0.0027115915
8x15,0.0019505515,0.0011666713,0.0009891153,0.0018258151,0.0006680531
28x23,0.0014142094,0.00076633476,0.0018326077,0.00029083784,0.0040156823
5x28,0.0011860452,0.0034839318,0.0016554755,0.0003731436,0.0004882453
19x25,0.002040865,0.0008978365,0.0016474504,0.0013125257,0.0018871884
9x14,0.0018812463,0.001396929,0.0014902039,0.0007731263,0.0005491971
5x29,0.0022222304,0.0024966218,0.0012095992,0.0011819876,0.0006611265
13x32,0.0016439129,0.0011283403,0.0012689221,0.0018030346,0.0009238163
15x11,0.0015939879,0.0024810217,0.0008978025,0.0016210238,0.0030476963
18x26,0.00028214854,0.00043473538,0.0028724784,0.0092927795,0.0010190536
6x22,0.0015597746,0.0007386441,0.001838159,0.0021563212,0.0003924322
19x15,0.0021487346,0.0004894961,0.0015512765,0.00045710616,0.0013688087
21x23,0.0012517428,0.0015322164,0.002161845,0.00067885756,0.0018850702
7x28,0.0018049305,0.0018067787,0.0014418124,0.00050376006,0.0004744458
12x29,0.0011867523,0.002752149,0.0019918084,0.00035615382,0.0005674187
5x19,0.003253797,0.0012506668,0.0011806714,0.0008169321,0.0006439384
17x27,0.00067743525,0.00048611825,0.0017702124,0.008836028,0.0014283884
14x9,0.002348239,0.0005600647,0.0008805728,0.0009395458,0.0030263283
19x23,0.0015701532,0.0006567812,0.0015853365,0.0012547745,0.00086753914
19x28,0.0025788401,0.00038807848,0.0014591754,0.0031357382,0.0005463132
11x24,0.0012308516,0.0017994037,0.0017222483,0.0010703343,0.0006670057
15x14,0.0015332939,0.0014250928,0.0015545888,0.0010184186,0.0012401968
24x30,0.0010960937,0.0011666361,0.00346592,0.00083404826,0.0022763568
16x16,0.001369978,0.000583977,0.0035732312,0.0003623118,0.002513276
24x27,0.0009856715,0.0011145882,0.006289275,0.0010579042,0.0011324879
9x31,0.0017419492,0.0017427619,0.00035251415,0.0025029082,0.0007523726
30x19,0.0011548483,0.001107912,0.0011526614,0.00039569635,0.004708648
27x27,0.0017819367,0.0013126564,0.001518844,0.0009505708,0.0013120199
30x20,0.0010976855,0.0013925685,0.0005482133,0.0004864609,0.0067721535
8x30,0.00096700387,0.0030931649,0.0011732335,0.001479506,0.0005257586
18x30,0.00090987264,0.0016936556,0.001696255,0.0023467827,0.0017710313
10x25,0.0004889968,0.005255956,0.00058924034,0.002095336,0.0013136101
12x12,0.0026702532,0.00082126446,0.001507329,0.00059979927,0.0008139061
24x14,0.0007867208,0.00086334476,0.0044240165,0.0013263683,0.0026926685
7x18,0.0018397215,0.0011710653,0.004208753,0.00058922975,0.0006029046
14x32,0.001856556,0.0039046872,0.0020358253,0.0017424193,0.0007960692
11x17,0.00037406734,0.004654069,0.0020723483,0.0016223207,0.00053029414
6x17,0.0027773734,0.000873293,0.0015596071,0.0008781499,0.0005596593
16x31,0.0008521355,0.0041529457,0.0010903956,0.0011960026,0.0010179691
13x19,0.0005464001,0.004071144,0.00085667055,0.007481373,0.00081966113
23x13,0.0027944131,0.0005528522,0.0021514283,0.0005525157,0.0010374594
7x25,0.0017124997,0.002234989,0.00044182967,0.0034823073,0.00076881057
18x22,0.0018412607,0.0006897926,0.0024093317,0.0011977972,0.0010048243
10x24,0.0009371788,0.004859854,0.0007233801,0.0005746951,0.00064356526
11x25,0.00084844243,0.0042043854,0.0010569026,0.00062180177,0.0010507633
31x14,0.0022952645,0.00086273946,0.0026016308,0.0009073938,0.0014292861
11x15,0.0019968597,0.0021635275,0.00049579213,0.002992651,0.0005486276
5x25,0.0012845316,0.0024018574,0.0011315047,0.0008254736,0.0010975859
10x31,0.00253863,0.0026138367,0.00044523767,0.0026125559,0.00026628876
25x25,0.0022566093,0.00092953997,0.003167105,0.0028119856,0.0008472426
24x20,0.0020163916,0.0010347284,0.0021940127,0.001001832,0.0011300436
7x15,0.002705172,0.0012216389,0.0019455822,0.0010590907,0.00048352836
18x13,0.002477049,0.000783987,0.0021751747,0.0005933201,0.0010021973
27x23,0.0010890963,0.001275926,0.0016250898,0.0012409809,0.0013924848
28x15,0.0016960533,0.0006837503,0.0048621316,0.00048364885,0.0019938557
9x10,0.0022162686,0.00078271603,0.0017224688,0.000625711,0.0011841002
12x24,0.002000872,0.0012158881,0.0026884996,0.0012219715,0.0008672264
17x13,0.0017321263,0.00064457976,0.0006914748,0.00086919375,0.0018281884
14x21,0.00032622291,0.0038032113,0.00072238565,0.007583405,0.0014060761
12x28,0.0014296165,0.0027017065,0.0016672217,0.0009539632,0.0006935792
12x26,0.0005099491,0.0040868246,0.0008694892,0.00088519685,0.0004635166
21x26,0.002030415,0.00092263264,0.0012877188,0.002340688,0.0016677526
26x12,0.0017031807,0.00029158717,0.0015466533,0.001098018,0.002057902
25x16,0.002142891,0.0006618219,0.0018618478,0.0010319297,0.0018845173
12x22,0.0011319068,0.002046309,0.00040173938,0.005635027,0.0011964187
21x9,0.0012829024,0.00096003717,0.0028383804,0.00064074394,0.0014504445
19x29,0.0013602201,0.0009967851,0.0022613315,0.0014274112,0.0012562313
14x25,0.0015609303,0.0005628597,0.0024769404,0.0037817333,0.0006234755
13x30,0.0003789019,0.0073896446,0.0006363138,0.0006871185,0.0011922461
12x9,0.002124398,0.00045003404,0.0021034882,0.00046942392,0.0015962113
11x23,0.0015642216,0.001233252,0.0008986381,0.0017646253,0.0011401649
7x26,0.0014213023,0.0023230263,0.00033736415,0.0011576688,0.0011391969
20x15,0.00122928,0.0009745026,0.0010227554,0.0013281157,0.0052901767
26x24,0.0023713615,0.00079877477,0.0034171178,0.000635383,0.0016226703
5x21,0.0003399765,0.007805605,0.00041258632,0.00090367347,0.0008527243
13x23,0.0013271262,0.0017637314,0.0012720097,0.004122627,0.00080509804
24x10,0.0029584703,0.00095395313,0.0013109274,0.0007975923,0.0018910351
11x31,0.0005941961,0.004495036,0.0016607107,0.002091459,0.0006237338
28x10,0.0012995776,0.00063884945,0.004412343,0.0034403244,0.001193517
25x13,0.002265805,0.00038272433,0.00061670423,0.00038643414,0.0025098536
16x14,0.0016030387,0.00081717264,0.0027963116,0.0004488891,0.0014702375
7x31,0.0009736109,0.0031613372,0.0006823814,0.0012495753,0.00070474943
8x21,0.0026533618,0.0014675703,0.0020321552,0.0012488797,0.00046512077
22x27,0.0007404468,0.00094180746,0.0025416408,0.0010710749,0.0008682756
3x30,0.0018307194,0.0011120777,0.0009602686,0.001297433,0.0004891128
11x18,0.00065855775,0.0047836727,0.0009245709,0.0037398592,0.0007210064
5x26,0.0013767949,0.0025784902,0.0014084054,0.0015626921,0.0005837415
10x29,0.0016840827,0.0018388265,0.0005134181,0.001490824,0.00051817024
31x16,0.0023728663,0.0006421447,0.003015799,0.00047806647,0.0016184833
25x23,0.0019616035,0.0009350647,0.0014231403,0.0008428764,0.0023453622
7x33,0.0014844707,0.001567718,0.0008164737,0.0025023276,0.00083610596
8x32,0.0024678167,0.0031016327,0.00046222474,0.0026236037,0.00038827767
23x24,0.0019689458,0.00044374767,0.0025950475,0.001323837,0.0010444357
6x31,0.0019342598,0.0024429236,0.0016420103,0.0025187016,0.0010702536
8x19,0.0018241531,0.0014721882,0.0018661342,0.00094079814,0.0003730235
25x22,0.0016347611,0.0011104833,0.0037090406,0.0004997266,0.0015327556
25x24,0.0022024633,0.00084061973,0.0008415364,0.0008943388,0.001604821
14x15,0.0020144775,0.0018290252,0.0017491551,0.0005964208,0.0009950604
29x16,0.0003633237,0.0011607119,0.0026444,0.0011016503,0.004942059
14x31,0.0009493357,0.0018135932,0.0018942419,0.0051379185,0.0015456043
24x9,0.0018269088,0.00094501453,0.0018595244,0.00045833792,0.0012291229
15x24,0.0009512069,0.000708805,0.0029059248,0.0027623526,0.00080326875
7x21,0.0026054017,0.0015527076,0.0018710082,0.0016531096,0.00047025937
26x13,0.0022808746,0.00038279724,0.0007228013,0.0012100947,0.004352864
9x13,0.0025196867,0.00067390467,0.003095418,0.00066888856,0.0009896738
13x22,0.0013434325,0.0028982225,0.0007467673,0.0026258698,0.0011770275
6x32,0.0014008827,0.0018754867,0.0011175642,0.0011439215,0.0006890916
15x33,0.0006515547,0.0030871294,0.0012199075,0.000945178,0.0009731649
16x34,0.00057798653,0.0012615792,0.0005143231,0.004922785,0.002058708
23x23,0.0012183444,0.0007061484,0.001983068,0.00030974884,0.0014491247
18x29,0.0013388665,0.0012408956,0.0038522994,0.0030288384,0.0005005206
15x10,0.0014537502,0.0006644551,0.0019178331,0.002085912,0.0034576147
20x24,0.0013975737,0.0006586915,0.002462859,0.0005757211,0.0024177504
9x28,0.0013302033,0.0045055766,0.0012407134,0.0011279344,0.00087594136
15x18,0.00022879093,0.005759002,0.0005767676,0.0006113922,0.00090437615
8x18,0.0015683,0.0029048787,0.0015877004,0.0016768066,0.0005930783
25x27,0.00092141813,0.0010258269,0.003212242,0.0009840493,0.0018857258
13x33,0.0012753478,0.0023931721,0.0034493685,0.0014274175,0.0009353894
18x12,0.0026536551,0.00043038774,0.00027061647,0.00062491634,0.005744631
15x20,0.0007809743,0.0022725435,0.0013036244,0.00405475,0.0012653451
18x11,0.0021583603,0.0006776851,0.0005544004,0.0007328804,0.004129465
14x30,0.0011022219,0.005458865,0.0012094493,0.0018722845,0.000592453
7x27,0.002397403,0.0026129037,0.0008036811,0.00084197073,0.0008855523
22x20,0.0014688827,0.0005004247,0.0020242464,0.0015858092,0.0017631402
25x10,0.0024872879,0.00077124854,0.001481598,0.0010225541,0.0014386962
21x10,0.002023645,0.0015325635,0.0013882414,0.0008518676,0.0006200402
22x9,0.0018536929,0.0011485798,0.0026428793,0.0011500111,0.0015287404
13x26,0.0018691842,0.0012464802,0.0013444625,0.00057092943,0.0011140514
23x12,0.0015533094,0.000909299,0.001936922,0.00087107206,0.0012372062
20x17,0.0021302328,0.0004677262,0.00053386734,0.00045491682,0.0028248276
8x28,0.0009784441,0.002875579,0.003181662,0.0011512628,0.0014733889
22x12,0.0017745615,0.0012760961,0.0025822828,0.0004806305,0.0016922661
8x11,0.0020595721,0.0011420343,0.0012136155,0.0005802873,0.0007369449
23x19,0.0011474068,0.0006766352,0.0026450665,0.001588984,0.0018478234
21x16,0.0014155103,0.0003219905,0.0003648879,0.0005979779,0.005964301
17x15,0.0026752802,0.00063833926,0.0021658186,0.000412823,0.0020007584
10x27,0.0015694884,0.0030614538,0.0020104186,0.0012275467,0.00040585687
16x9,0.0010800073,0.00035819714,0.00024864418,0.00033811908,0.0067612203
15x16,0.0020762342,0.00059952744,0.00060130836,0.0015482177,0.00046535826
23x27,0.00095895876,0.0012560254,0.0043522664,0.0017622828,0.0016205879
4x28,0.00079953694,0.0051984796,0.00075225526,0.0011417628,0.00061149284
25x12,0.0029729563,0.0002691298,0.00081984774,0.00039002448,0.0027031659
19x27,0.0019207002,0.00056602835,0.0024963168,0.004446824,0.0012720801
21x30,0.0020510983,0.0012465207,0.001888608,0.00079012255,0.0014896188
6x30,0.0017596183,0.0020852084,0.0017803113,0.0026258323,0.00057520246
27x21,0.0014542158,0.000632793,0.0013490131,0.0007479562,0.005651521
27x17,0.001956105,0.00064162316,0.0029044792,0.0006237472,0.0015992126
10x32,0.0013001813,0.0010821238,0.0008202262,0.0042711906,0.001732084
25x9,0.0011570549,0.001539284,0.0015276137,0.0009046239,0.0019999095
7x19,0.0010131152,0.001647777,0.0009999307,0.0014582209,0.0005740255
18x9,0.0021246711,0.00065012503,0.0015946481,0.00044379447,0.0016197566
29x22,0.00050608243,0.001360042,0.0013871966,0.0006455861,0.0064799725
9x16,0.0017519223,0.0019616992,0.0010034493,0.0038717857,0.000758236
30x13,0.001895513,0.0008820998,0.0019584333,0.00056427345,0.000813476
7x30,0.0015870661,0.0026673675,0.0010328623,0.0014097589,0.00044167408
12x11,0.0012766906,0.0009882437,0.0028672686,0.0010173331,0.0013007161
17x11,0.0016615083,0.00090459746,0.00020877982,0.0007485978,0.008243959
16x18,0.0013040841,0.002274369,0.00041115616,0.0023350262,0.0011815984
20x26,0.0018602046,0.0007138331,0.0012607162,0.0015000189,0.001827628
7x13,0.0018643192,0.0020920977,0.0011983847,0.0008651258,0.0009139931
13x10,0.001371263,0.0005019008,0.0019610324,0.00040140058,0.0019265005
22x11,0.0020549844,0.0017642997,0.0028750242,0.0006650476,0.0022723002
18x23,0.0012595445,0.0003556278,0.002372614,0.002425149,0.0026531836
26x23,0.0015116673,0.0014492855,0.0011444378,0.0016053773,0.0009683897
26x11,0.0022753943,0.0015590965,0.0017798141,0.0005594213,0.0009699535
16x32,0.0007069941,0.0036743677,0.0013803929,0.0022280067,0.001099344
24x12,0.0016238631,0.0013707024,0.0019762197,0.00073107326,0.004003694
18x15,0.0025467514,0.0018465314,0.0008912058,0.00079101545,0.00095932797
8x17,0.0011911619,0.0027424833,0.00083160406,0.0034452209,0.00076982455
28x26,0.0011682339,0.0012572812,0.0020049748,0.0008773436,0.0035022825
22x15,0.002602428,0.00030287603,0.00022879196,0.0006308516,0.0031465096
22x25,0.0011458502,0.0013738625,0.002378218,0.001982071,0.0011420372
19x13,0.0025930651,0.00051629596,0.00087217067,0.0005801437,0.0015141515
12x18,0.0005285995,0.0042946213,0.00047439485,0.0009424269,0.00065069145
15x29,0.00036593547,0.004989955,0.00086687657,0.0015463784,0.0011354899
6x14,0.0018970488,0.0011097661,0.0010420908,0.0006536789,0.0010376971
29x20,0.0018112882,0.00047564402,0.00029731978,0.00086753827,0.0058628884
13x13,0.0027933833,0.0009839084,0.0013275768,0.00058346015,0.0010910325
28x24,0.0016759542,0.0013096157,0.002258875,0.00072569225,0.0019755508
15x34,0.00043885538,0.0016184632,0.0009252044,0.0042633372,0.0025732894
20x10,0.0018703114,0.0012007355,0.001968029,0.001202752,0.0013040539
14x34,0.001960506,0.0018483431,0.0026415638,0.0018788133,0.0011440375
26x10,0.0029319,0.0012726545,0.0013727482,0.00077506417,0.0010529574
7x11,0.001518965,0.00032291186,0.0015771744,0.0003163548,0.00088558905
27x13,0.0023460707,0.00043595006,0.0030953125,0.0013078185,0.0007748968
12x30,0.0015940882,0.00332061,0.0021282884,0.00062595453,0.00081812614
20x32,0.0012454446,0.00053108524,0.0031446791,0.0024060681,0.0022774695
14x24,0.001598243,0.0005959657,0.0014829342,0.0029303196,0.00059633865
22x16,0.0018274497,0.00053321343,0.00042109576,0.00042716056,0.0072457767
5x22,0.0014280645,0.0018709503,0.0011960486,0.0013637627,0.0013053074
31x10,0.0014783903,0.0018711948,0.0034902834,0.0006051456,0.0026490658
27x26,0.0015043757,0.001601651,0.002367788,0.0015926246,0.0018100146
29x18,0.001290142,0.0010188586,0.0015330422,0.00058337476,0.0045418553
28x25,0.0023169164,0.00036269802,0.0016467605,0.0011554684,0.0024625505
23x28,0.001092647,0.001474617,0.0013502135,0.0015792713,0.0022778537
7x22,0.00201013,0.00062798784,0.0018704071,0.00066492805,0.00041897097
19x30,0.0009648552,0.0018766725,0.0017803634,0.0022462378,0.0021734228
6x28,0.0012216304,0.0023804635,0.0017192318,0.0016676094,0.0005581349
9x19,0.0019833536,0.0014374279,0.0011121597,0.001912374,0.00049076916
11x30,0.000717857,0.0036490823,0.0010885518,0.00061216555,0.0009558871
21x21,0.0012104881,0.0012873267,0.0023899062,0.0012092427,0.0014891017
20x30,0.0007096669,0.0012636197,0.0017093752,0.0023019218,0.0011839451
27x14,0.00190199,0.000615638,0.003974403,0.00061503553,0.00067783234
13x14,0.0021842753,0.0011621007,0.002419442,0.00035338732,0.0007394933
13x11,0.003693534,0.001348963,0.0014327042,0.0009101361,0.0009049041
19x19,0.00023286032,0.00052258396,0.0018554963,0.004237316,0.0010297255
16x20,0.00061313144,0.00044486576,0.00071374764,0.006949729,0.0016302126
4x22,0.00073614425,0.0030111847,0.0006845254,0.0015178936,0.0017693713
11x22,0.0027775664,0.00028621402,0.00022904668,0.0020173278,0.002795643
13x29,0.0014398061,0.0015882222,0.0022466006,0.0010708071,0.0011738724
14x19,0.00014462094,0.0047298847,0.00029984978,0.0020250846,0.00062358775
21x28,0.0006922384,0.0018214255,0.0022281946,0.0011076857,0.0011025823
8x27,0.0005587269,0.004269164,0.0018149988,0.00045430294,0.0015019688
5x30,0.0021389932,0.0010288198,0.0016371182,0.0014415494,0.00082599215
9x32,0.0026075565,0.00037815544,0.00044857588,0.0023844778,0.0014369793
24x29,0.0010453325,0.0011821082,0.0023642932,0.0017555745,0.0030446479
5x14,0.0022644103,0.00074993196,0.0011880364,0.0008383725,0.0007828899
29x15,0.0014821698,0.00125385,0.0018891299,0.00042975377,0.0023277798
14x12,0.0028650807,0.0009161356,0.0025322943,0.00097612257,0.0011728748
22x14,0.0021055676,0.00067228096,0.0003947498,0.0007211575,0.0024797881
17x25,0.0006083006,0.00042328204,0.0012573637,0.0063589383,0.00096787536
9x22,0.0008418972,0.007302749,0.0009061346,0.0010254531,0.0010628166
28x16,0.0031118637,0.0006613317,0.001452799,0.0012196345,0.0018497353
12x16,0.0007398179,0.0013004383,0.0019037954,0.004821858,0.00072817487
13x9,0.0022377342,0.00086750963,0.0018088071,0.00043407816,0.0020286557
25x20,0.0025018984,0.0011875425,0.0015789656,0.0005635651,0.0008894099
11x19,0.0008332319,0.0034981985,0.000772435,0.0025654845,0.00078370044
13x17,0.001589185,0.0042745257,0.00048528332,0.0039200727,0.0006031391
10x17,0.00036823016,0.009734953,0.0012599519,0.0011091122,0.0005029035
16x29,0.0008572316,0.0037480209,0.0013852374,0.0030644762,0.0006314504
27x20,0.0008705305,0.00036456407,0.00035208615,0.0003088278,0.009518438
14x33,0.00083573285,0.002839708,0.0029751589,0.0028105527,0.002049994
26x26,0.001550133,0.00092028413,0.0019054537,0.00361957,0.0016572594
27x22,0.0018389599,0.00029845905,0.0010478664,0.0015543327,0.004952063
26x16,0.002026096,0.00077574956,0.002009339,0.0012772931,0.00088265573
11x28,0.0019315645,0.0025142536,0.0006327282,0.0017783338,0.0010770492
14x18,0.00023411863,0.011810481,0.0003050742,0.0009012881,0.001061421
6x26,0.001991301,0.0030670802,0.0015944935,0.0016882297,0.0003747569
17x12,0.0012519791,0.00043188303,0.0005056441,0.0007206094,0.005607055
14x22,0.001820569,0.0026490532,0.00038719858,0.0040690405,0.001295532
10x20,0.002865644,0.0018158887,0.0009438079,0.0030022983,0.0012447191
28x20,0.001151823,0.0007069536,0.0006605185,0.0008999656,0.009589831
23x29,0.0018212326,0.0007756177,0.001464605,0.0022794558,0.0016835701
26x17,0.0022832318,0.0002878682,0.003226787,0.00042811825,0.0018210054
17x23,0.0016847184,0.00096755114,0.0003732263,0.0032681073,0.0006077797
15x12,0.0020576373,0.0003274791,0.0016540432,0.0022021476,0.0027483804
29x11,0.0010975495,0.00043387737,0.0035132482,0.0040804218,0.0014922658
5x27,0.0016504326,0.0050429436,0.000928317,0.0012987253,0.0007557431
13x25,0.0041590477,0.0007210187,0.0017068469,0.00085946947,0.0009918844
5x31,0.0015533675,0.0010321552,0.0013025198,0.0024354598,0.0007847458
10x14,0.00274235,0.00064111,0.0014848398,0.0014440656,0.00087287364
20x13,0.0030278692,0.0004416195,0.0011495845,0.0003519622,0.0014672626
30x23,0.001173445,0.00093400787,0.0018200919,0.00033494036,0.0044083316
23x26,0.0015060584,0.0010563133,0.0026347688,0.0010836457,0.0025463041
16x27,0.0010378277,0.001439085,0.00087336154,0.003209629,0.00083875743
19x14,0.0024530515,0.00025931472,0.0007451336,0.00051258324,0.0014395008
18x16,0.0017186956,0.0009054129,0.0010178316,0.0005583956,0.0015080512
6x29,0.0017635551,0.0013468261,0.0021188483,0.0017239251,0.0005549728
13x12,0.0024224597,0.00046123329,0.000843596,0.00045801577,0.0008679813
10x10,0.0018886796,0.0016292479,0.001841941,0.0007748511,0.0006642686
21x19,0.000565227,0.00045246806,0.0017159701,0.0071475417,0.0014161101
22x17,0.0014383656,0.00047184588,0.00048439612,0.00080068037,0.007639391
13x16,0.0024390863,0.000725902,0.00049872696,0.0033262249,0.0010649613
15x22,0.0024611538,0.0008801491,0.00023211517,0.0045048078,0.0024502168
17x19,0.0023902336,0.0006452018,0.0016046464,0.0010552391,0.0020524669
9x24,0.00054261956,0.0041856305,0.0010129651,0.00070132304,0.00058702903
9x23,0.0015633617,0.0013788154,0.00039161454,0.0026299658,0.0010367141
13x15,0.0021661306,0.0013828335,0.0027527171,0.0006329291,0.0012708837
17x9,0.0018589925,0.0002877504,0.00040309958,0.00041998015,0.0072552664
18x17,0.001680876,0.00064685085,0.0017726874,0.00035687443,0.0046456237
25x29,0.00141055,0.0016939001,0.0022302046,0.0009101038,0.0016151911
24x16,0.0018544631,0.00047352666,0.0012522574,0.0004198156,0.0031359973
18x14,0.0022414285,0.0006807316,0.0011847417,0.0005106079,0.0011681934
29x24,0.0019899968,0.0010140348,0.0014453866,0.0011367426,0.0040975367
4x29,0.001266864,0.0044572684,0.0020704048,0.0013511622,0.00052196975
10x16,0.0015330062,0.0028012218,0.00054117537,0.0018196242,0.0005973965
30x16,0.0015589382,0.0008458489,0.003278519,0.0003786942,0.0012031839
6x33,0.0019425304,0.0014891056,0.002728184,0.0022209308,0.0013641607
10x18,0.00028494082,0.0063274265,0.0007266779,0.0013064941,0.0013587151
6x12,0.0016291058,0.00069314765,0.0021643778,0.0006477698,0.00097225996
13x34,0.0009411281,0.0010708476,0.0017111307,0.001392896,0.0009214338
30x15,0.0021364314,0.0007653556,0.0014247536,0.0005946261,0.0006711374
13x21,0.000237843,0.0028738831,0.0006937437,0.002121758,0.0018368039
12x17,0.00089373876,0.0047591846,0.00045375247,0.0016183576,0.00075947697
6x18,0.0017758897,0.0014436459,0.0019298586,0.00076081767,0.0005096377
29x13,0.002395936,0.0005892803,0.0029713893,0.0031297018,0.0013909185
15x31,0.00029181418,0.007228053,0.0009206502,0.0011256322,0.0013861451
25x11,0.0026525888,0.00047894855,0.0020249214,0.00066053995,0.0018283406
18x28,0.00037690855,0.0008870187,0.0025959655,0.008838517,0.0015868562
22x30,0.00063860643,0.001977483,0.0031403168,0.0020032567,0.0012792454
20x27,0.0019033742,0.0007796688,0.002751032,0.00083128543,0.0012169029
28x12,0.001625875,0.0010767789,0.0017939439,0.00050228456,0.000924997
7x10,0.0018851063,0.0003077693,0.0006243482,0.0004705226,0.0067669693
21x25,0.0017028905,0.0009340277,0.0019425225,0.0018101681,0.001915767
28x17,0.0022216348,0.0007308048,0.0015175265,0.0016447199,0.0011658152
6x16,0.002274659,0.00054735236,0.001895135,0.0005540476,0.0005692732
21x11,0.0011484047,0.00065917586,0.0012827525,0.001690515,0.001401091
3x31,0.002169616,0.00059379474,0.00041611303,0.0040323553,0.00066519214
14x29,0.0006314263,0.0031161336,0.0013089738,0.00055221305,0.00053532637
30x12,0.0017171595,0.0014707196,0.0017471099,0.0008257454,0.00094701996
22x19,0.00035555346,0.00024363729,0.0019140054,0.008573215,0.001742138
15x26,0.0010965796,0.00078406907,0.0018790939,0.007494289,0.0007690546
20x20,0.0012316895,0.0010019704,0.002725879,0.0016112484,0.0010709793
18x19,0.0012775514,0.00063192786,0.0017194187,0.0029907948,0.0010842799
14x20,0.00028577787,0.002772248,0.0010513602,0.0060837837,0.00069260807
23x25,0.0011758967,0.001368547,0.0044296677,0.0012081256,0.0016870233
8x29,0.00090381975,0.0018733465,0.0010769985,0.0029369476,0.0006127309
27x16,0.0029013644,0.00039654988,0.003032958,0.000513087,0.0014144707
20x22,0.0012017329,0.0008376356,0.0027529937,0.001309975,0.0014994307
26x27,0.0015144156,0.001426585,0.0035362162,0.00077986333,0.005577585
10x28,0.0013092104,0.006136442,0.0012449543,0.00078948087,0.0009812991
23x11,0.002468003,0.0006500404,0.0017190122,0.0009815547,0.0011883065
20x18,0.0020514175,0.00035472025,0.0021615017,0.0028492846,0.0020628716
9x20,0.0025721495,0.00074755057,0.002023755,0.0011706097,0.0005548373
19x16,0.002573164,0.00047172204,0.001598715,0.0005285906,0.002037087
10x33,0.0007888589,0.0016520611,0.0015653004,0.0018136094,0.0005090536
16x19,0.001971283,0.001166714,0.0003945903,0.004197513,0.0011579783
20x14,0.0030630496,0.00027731367,0.0003101153,0.0005253164,0.0038567602
20x21,0.0014962215,0.00039880798,0.004353506,0.0016711967,0.0019140843
8x14,0.0021293955,0.0016066744,0.0013447587,0.001605251,0.0011944586
19x20,0.0008512818,0.00032999058,0.002487609,0.00391948,0.0011233072
16x23,0.0020035051,0.0002538223,0.0010698123,0.0030537425,0.0012724111
27x18,0.0015014595,0.000439939,0.003175983,0.00089839374,0.0025621867
22x26,0.0017670849,0.0007158549,0.004968418,0.0029909534,0.0024367508
18x20,0.00039745006,0.0008270808,0.002509074,0.0061924034,0.0011739489
4x23,0.0017014352,0.0018954903,0.0013072919,0.0011642633,0.00093217933
5x18,0.0027413967,0.0005402594,0.0017838094,0.0008366196,0.00065462297
15x13,0.0013839072,0.00056104106,0.002463832,0.0009802652,0.0024297738
23x20,0.0014780433,0.0014529203,0.0013637735,0.0008869976,0.0018833544
16x15,0.001785083,0.001120978,0.0014845085,0.0009612515,0.002123923
16x24,0.0010612279,0.00037395916,0.0010788222,0.0062809414,0.0014665037
4x30,0.0013084468,0.0016934137,0.0019078595,0.0010828159,0.00037657865
12x34,0.0015333876,0.00067039434,0.0036543421,0.001951519,0.00083039876
26x18,0.0018448244,0.0006734126,0.0020492806,0.002056865,0.0009597092
28x13,0.0018001617,0.0014582466,0.0023264263,0.00085318997,0.001021068
12x33,0.0010048713,0.0018182254,0.0016876156,0.0030762071,0.000738868
5x32,0.0025794215,0.001447971,0.0008959843,0.0017216749,0.000501571
8x22,0.0013917026,0.004367777,0.0017861284,0.00064782094,0.0006346949
17x32,0.00041188084,0.0035302143,0.00058024796,0.0045081777,0.0018499796
6x19,0.0027591328,0.0005342073,0.0011272843,0.00091199094,0.00104426
28x19,0.0013073143,0.00023338699,0.00026457943,0.00040096644,0.007504762
23x30,0.0007017301,0.0011428571,0.005722179,0.0019581683,0.0016418688
4x25,0.0025830052,0.0027389221,0.0010077775,0.0016802098,0.00048279998
8x33,0.0019728336,0.0010987894,0.0025902833,0.0014135605,0.0007674296
12x23,0.0012506291,0.001438512,0.00085533905,0.0028237065,0.0018318454
13x31,0.0012486738,0.0030257804,0.0013652806,0.0016593725,0.00043894045
19x11,0.0011533236,0.00080932595,0.00030722053,0.00080926454,0.0051641343
17x18,0.0019303513,0.001034991,0.0016012529,0.00056523277,0.0005978298
24x11,0.0021194443,0.0013846152,0.0011478141,0.0019675798,0.0010376201
3x25,0.002153535,0.002602899,0.0008235274,0.0011231196,0.0006385409
11x12,0.0019660008,0.0010926332,0.004072335,0.00059225876,0.0014892683
