,0,1,2,3,4,5
7x26,0.00091494987,0.0011136208,0.0044181044,0.0012811242,0.00084959023,0.0006079616
30x19,0.00058151886,0.0010141734,0.00088886946,0.0010541169,0.0075094663,0.0019191187
13x9,0.0031878026,0.002236243,0.0006293117,0.00037835963,0.0018166612,0.00075750216
6x31,0.0012325565,0.0038402055,0.0018427215,0.0014203435,0.0010793584,0.0013206591
6x24,0.001823652,0.0015193766,0.0024948334,0.0018411466,0.0005621661,0.0011563641
30x23,0.0018851035,0.0010859428,0.0005040402,0.0005158746,0.0036502406,0.0007001049
12x12,0.00232802,0.0022255965,0.00033026436,0.00072442705,0.0010412926,0.0005572599
14x19,0.00031355416,0.00031125586,0.010248915,0.0018292066,0.0006928463,0.0011041446
6x15,0.0019639973,0.0024993017,0.002250566,0.0009844811,0.0004797089,0.0015672129
24x16,0.0028277826,0.002999036,0.0002655211,0.0005645646,0.0031299721,0.000496989
14x25,0.0010979121,0.0012567104,0.0004571456,0.0038971133,0.00075082167,0.0036269382
6x26,0.001488644,0.0019202615,0.0023693407,0.0016992186,0.00039031013,0.0003721539
19x12,0.0009802487,0.0019745387,0.0006342235,0.0005293075,0.0019001442,0.0010079332
7x30,0.0013242277,0.001274404,0.0032421907,0.0010759025,0.0003533656,0.0011988137
10x21,0.0015293512,0.0038863083,0.0007791541,0.0025996738,0.00059450447,0.0023563222
6x19,0.0014733376,0.003914733,0.00047467713,0.0005472727,0.00062773476,0.00062356464
19x15,0.0013835295,0.0033543948,0.0004232795,0.0006217165,0.002285745,0.0006706627
28x11,0.002565822,0.0014118019,0.0010406955,0.00054101704,0.0018561312,0.0006225305
7x24,0.0007095581,0.0009519691,0.0039368873,0.0021136717,0.0003981857,0.0012269675
13x24,0.0035883712,0.0029936833,0.00040575248,0.0023152106,0.0009350554,0.0010947585
6x20,0.0019893122,0.0014620811,0.0005859549,0.0028013792,0.0004881326,0.0013152523
12x22,0.0002313334,0.0017054029,0.0020375215,0.0034578878,0.0015324434,0.00076520856
19x24,0.0026183813,0.0018482393,0.00041641496,0.00072364544,0.00084775075,0.0024442123
24x12,0.0029697267,0.0014302696,0.0005509043,0.0008133755,0.0027006064,0.0010619999
10x29,0.0014367931,0.0014158972,0.0032047054,0.0017178886,0.0004218826,0.0012439593
4x23,0.0013007532,0.0018469733,0.0024708905,0.00068506674,0.0007848909,0.0008621037
17x19,0.0018750306,0.0012518367,0.00074784236,0.002057781,0.0018571061,0.00053689606
5x21,0.00028458118,0.0011087154,0.007114629,0.0011834713,0.00070068124,0.0005107411
26x22,0.002184848,0.0018415339,0.00064342405,0.0020864797,0.0018182949,0.0016866442
21x11,0.0017277045,0.0017942996,0.001133793,0.0017042942,0.0013744539,0.00134941
14x33,0.0017146906,0.00075177173,0.002276534,0.0019428195,0.0024821588,0.0015048875
13x34,0.0028045264,0.0018018684,0.0012744478,0.0014060163,0.000888131,0.001529356
24x15,0.0023674692,0.0027194554,0.00049372454,0.0005677201,0.007401346,0.0004541017
20x11,0.0016581466,0.0023432544,0.0008423592,0.0013973346,0.0026170998,0.0015491068
12x16,0.0016144428,0.0013914942,0.0010717137,0.0061607887,0.0008782896,0.0015088125
15x16,0.0030768355,0.0031887277,0.00035699288,0.0010674356,0.0007398904,0.0005470032
25x10,0.0019901616,0.0016636105,0.00044639656,0.0009704878,0.0021650256,0.0008245331
13x10,0.004500084,0.0024525607,0.00060220563,0.0006243367,0.001996028,0.0024838638
7x13,0.004547275,0.0027994728,0.00081250817,0.0006684002,0.0010443077,0.0007479974
14x30,0.0004550042,0.00060000434,0.005040607,0.0022829995,0.0006538716,0.0015867195
16x17,0.0017665749,0.0028475935,0.00052299484,0.0009851352,0.0006732145,0.0029753374
25x19,0.0027280308,0.0013663368,0.0005319551,0.0012174437,0.0010586268,0.0005497848
16x19,0.00025543518,0.002296247,0.0022544384,0.0037958084,0.0006519031,0.0008510535
12x13,0.003073058,0.0017249744,0.0008246371,0.0005833245,0.0011647281,0.0006245787
26x28,0.0005601258,0.001182119,0.0009305833,0.0012180342,0.0011199478,0.0044493643
14x27,0.0005230218,0.0004225896,0.0045244675,0.001304996,0.0010498953,0.0008159967
22x28,0.0022059025,0.0009605552,0.0013310072,0.0017416425,0.0025381383,0.002579562
16x34,0.00014128612,0.0010909619,0.0027919621,0.008849148,0.0017921114,0.0017755358
13x21,0.0003892333,0.0004480903,0.0033419773,0.0035299899,0.0011254933,0.0014028384
15x12,0.001953841,0.001638805,0.00053244043,0.0022635725,0.0019393847,0.0019538351
29x21,0.0012453992,0.0010926474,0.0009016313,0.00050417107,0.0032378384,0.000838008
25x12,0.001554268,0.0014365736,0.00027392333,0.00061187614,0.0021754764,0.0010517794
16x24,0.0008076853,0.0015509536,0.00028916844,0.00825548,0.0016915986,0.0016090912
17x32,0.0003112368,0.0009836669,0.0032980496,0.003586063,0.002603437,0.0020885032
5x24,0.0020172643,0.0014220208,0.0019552568,0.0025062652,0.0012404583,0.0009980724
19x31,0.0012432811,0.0022153836,0.000791521,0.0007760838,0.0014748905,0.0037300626
7x27,0.0013097862,0.0015320631,0.0028835367,0.0011960755,0.0005118028,0.0010789036
13x31,0.0020590536,0.0011816715,0.0019902934,0.001268214,0.0009268972,0.00091599324
13x12,0.002772954,0.0035001466,0.00039798667,0.00084400363,0.0014607668,0.00067901646
18x19,0.0013484261,0.001518294,0.0008334089,0.0031489863,0.002291777,0.0018798667
23x24,0.0016406387,0.0022125258,0.00036511215,0.001522115,0.0011272595,0.004267408
10x23,0.0009590643,0.0028496713,0.0016301208,0.0015708221,0.00041212759,0.0009568449
25x20,0.0029301366,0.002228729,0.0006802901,0.00051409093,0.0007473293,0.0023533881
8x10,0.0015350449,0.002169255,0.00021050702,0.00067514094,0.005193235,0.0008447717
24x13,0.0036981122,0.0020873144,0.00043080447,0.00044349564,0.0027840834,0.0005239928
11x17,0.0013272233,0.00056369364,0.0037244915,0.001010174,0.0007228527,0.0020819376
18x21,0.0012505241,0.0012764037,0.000801283,0.0020828182,0.0009032435,0.003664626
20x10,0.0024745052,0.00082491746,0.0015472121,0.00093465304,0.002026619,0.00043781335
10x16,0.0009806232,0.00070438784,0.00510066,0.0012061967,0.00064207887,0.0006269281
12x32,0.0017117152,0.0021024293,0.0005440784,0.0007955887,0.00050804747,0.0017396205
12x14,0.0031435047,0.0010383149,0.00067608483,0.0006655817,0.0019343552,0.0010791734
19x10,0.0012684653,0.0019852668,0.00065577525,0.0010290322,0.0018418683,0.0009752181
20x28,0.0024121727,0.0013788671,0.0011700828,0.0017245853,0.002108661,0.0025104238
25x16,0.0019835765,0.0020446344,0.0004985259,0.0010196529,0.0026492102,0.0005089068
20x15,0.00039707494,0.00148231,0.0012462412,0.00060147507,0.0050686644,0.0019074873
28x26,0.00089279795,0.0015157763,0.0009697395,0.0005325485,0.003943476,0.0045156805
6x11,0.0025446042,0.0015330898,0.00047104244,0.0005223608,0.0018875784,0.0006350207
22x22,0.0020094751,0.0011117546,0.0008572232,0.001662264,0.0014919367,0.00266559
10x27,0.001619032,0.0017422718,0.0017223107,0.00097581797,0.0004063935,0.0018930339
13x15,0.002832957,0.0019530195,0.00045088012,0.0008690217,0.001795948,0.00059571804
14x23,0.0004477075,0.0031571095,0.00075888174,0.0039018649,0.0011739539,0.0021398333
23x9,0.0010554963,0.0015567143,0.0016259678,0.0008266946,0.0021975862,0.0026890105
21x20,0.0032176322,0.0018267612,0.00027456167,0.0017799243,0.00063911575,0.0013844167
12x20,0.0007243933,0.0018607185,0.003965412,0.004364667,0.0012279847,0.0024281868
17x15,0.0030849648,0.0027646981,0.00028917982,0.0007520598,0.0018730247,0.0006177933
18x30,0.0009943752,0.0017086971,0.0023004548,0.0042407615,0.001137681,0.0025947008
15x21,0.00021141411,0.0017150046,0.0027596075,0.0066742245,0.0005016975,0.0015910747
16x10,0.0010566921,0.0023593684,0.00019863986,0.00052514795,0.0030323365,0.0011144578
20x26,0.0014066012,0.0015753662,0.0005671815,0.0006993612,0.0017341923,0.0038807392
16x16,0.0014313811,0.0017812015,0.0004672698,0.0005637988,0.0021362938,0.0024741238
7x15,0.0018629517,0.0017852024,0.0011166638,0.0010383388,0.00047462236,0.0012279166
18x9,0.0021348726,0.0026258978,0.00093776546,0.0008133055,0.002283087,0.0004508655
6x14,0.0015644223,0.0025142971,0.0013314583,0.00037815026,0.00076326006,0.00061371207
31x17,0.0007580014,0.00036324555,0.0065374817,0.0007926377,0.0009820187,0.0006891782
25x15,0.0029304489,0.0017538674,0.00036452018,0.0010247322,0.0019279267,0.0010816555
23x23,0.0029470944,0.0009233579,0.0010218546,0.000403804,0.0028493379,0.0022965656
21x16,0.0002414886,0.0023321696,0.0003622793,0.00046917595,0.0043087155,0.0005372385
28x14,0.0026751081,0.0023887786,0.00038474984,0.0011954334,0.0014745445,0.00068630266
26x19,0.0020156915,0.0010938795,0.00079876237,0.0005910334,0.0016050226,0.0023456344
26x13,0.00040741617,0.002449659,0.00033482787,0.0010251369,0.0075429794,0.0015910655
22x15,0.0009106556,0.0034359316,0.00028663475,0.000899351,0.0031147038,0.00046249997
15x26,0.0010302637,0.0015237132,0.00069180346,0.002941026,0.0005063127,0.0029656207
27x24,0.0019538298,0.0010977187,0.0016384026,0.0012759583,0.002656874,0.002928443
10x15,0.00026976006,0.001668607,0.0020585614,0.0017165487,0.0005911496,0.0010430536
11x23,0.0018442015,0.0024408656,0.001785172,0.0021692873,0.0005947934,0.0030825264
24x28,0.0013336112,0.0008137246,0.0012159786,0.0010213073,0.001205872,0.0034421466
15x22,0.0002295035,0.0023907307,0.0007197508,0.0066029076,0.0015156835,0.00039335448
8x13,0.0024277265,0.0017532486,0.0009583297,0.0008376115,0.001252564,0.00048481848
6x29,0.001748049,0.0014165674,0.00093735533,0.002835345,0.00082243,0.002192676
29x14,0.0026387442,0.0020436256,0.0005222132,0.00051233923,0.00081561256,0.0016045966
18x24,0.001721223,0.0019906876,0.0015068536,0.002413753,0.0014443857,0.0027397345
18x25,0.002470433,0.00174579,0.00032178883,0.0027513767,0.0009665973,0.0014762521
5x19,0.0026003828,0.0025839217,0.0019169739,0.00074746396,0.00037848845,0.00079118635
18x29,0.0019310644,0.0012492388,0.0012066662,0.0038597086,0.0006641048,0.0025484469
15x24,0.0007262199,0.00092097634,0.00073230296,0.0045517995,0.0007199997,0.0019113519
26x21,0.0032665785,0.0015386264,0.0006534671,0.00090229773,0.0014147855,0.0008198286
11x15,0.0008703675,0.0013583356,0.003612883,0.0026660387,0.0006290202,0.00082841434
24x30,0.00059251516,0.0022150602,0.0006743515,0.00066068955,0.0018313715,0.005044986
4x28,0.0019684213,0.00066464493,0.0022007735,0.00099852,0.0007168719,0.0004378935
4x31,0.0011395983,0.001179649,0.00081411697,0.0020679627,0.00047310407,0.0016655205
19x17,0.00047506884,0.0023054138,0.00049712893,0.0010954093,0.0019393539,0.0014449867
9x21,0.0015044408,0.001680463,0.00076647184,0.0020165325,0.0004895467,0.0013182531
16x13,0.0032591005,0.0012279213,0.00032939628,0.00051316735,0.0025213256,0.0008780054
27x17,0.001479322,0.002491497,0.00085939834,0.00064071076,0.0009690758,0.0012693933
9x28,0.0023455324,0.0017726566,0.0030855553,0.0013523211,0.00070572516,0.0004993488
31x10,0.001957765,0.0022685619,0.0007746058,0.00035207986,0.0012769533,0.0028277142
26x14,0.0025344207,0.0032743353,0.0003512659,0.0005945186,0.0023202205,0.00045707574
22x26,0.0014683289,0.0009211026,0.000780371,0.0017005546,0.0011774992,0.0040073544
28x17,0.0017028577,0.0024884683,0.0005676606,0.0019446344,0.002137467,0.0005864111
14x9,0.0019346835,0.0021310437,0.00049014157,0.0010163401,0.002190679,0.00047229085
9x12,0.0026124585,0.0026205077,0.0009793058,0.0005860273,0.0018332239,0.00063895603
20x22,0.0013146332,0.0011048379,0.0019200344,0.0006117754,0.0013145898,0.0014639723
28x13,0.0027343195,0.0011836196,0.00059219176,0.0009635929,0.0009949916,0.0015027674
4x32,0.0016583259,0.0018603767,0.0011330526,0.0012439492,0.00045397872,0.0013492019
27x14,0.004418916,0.0014744003,0.0005432822,0.0006871792,0.0011541711,0.0010913353
11x33,0.0013571614,0.0015558111,0.0013830188,0.0023999119,0.0010485211,0.0008284606
27x12,0.0021520935,0.0011836654,0.001059261,0.0005502892,0.00041344954,0.00054385606
22x30,0.00078775786,0.0011428411,0.0021480338,0.00062429527,0.0013925659,0.0070504914
6x33,0.0009331131,0.0021687886,0.0023470891,0.0010583091,0.000672518,0.0018490445
11x32,0.0014243181,0.001536875,0.002330044,0.0023991205,0.000706484,0.0006662587
17x20,0.001346581,0.0010961591,0.00033646257,0.0015890644,0.0013386052,0.0034720744
20x21,0.001716514,0.0012466703,0.0005678169,0.0016053066,0.0012593137,0.0027595158
17x26,0.00041873002,0.0007799733,0.00046266595,0.009335608,0.0026042948,0.0018235432
11x18,0.0003990153,0.00062733656,0.0037262933,0.0032517985,0.0008182633,0.0031578555
31x12,0.0034095575,0.0016614349,0.0009337385,0.0007938916,0.0014614047,0.00042163578
5x16,0.0027599619,0.0028250772,0.00067534746,0.0005613399,0.0005862115,0.0017681764
14x24,0.0017220217,0.001890191,0.0004401736,0.002048535,0.000642228,0.0026851494
8x14,0.002041333,0.0017960559,0.0017902944,0.0014555436,0.0015565151,0.00072428084
18x32,0.0005197931,0.0016328074,0.0008690219,0.0040462357,0.0010495394,0.0022842754
16x33,0.0006603307,0.0009332676,0.0057125506,0.0023837767,0.0017608322,0.000818138
27x20,0.00017929662,0.0014230912,0.00038455575,0.00047480152,0.00989611,0.00068009924
22x13,0.0018471751,0.0017787268,0.0005968945,0.0004062256,0.001489574,0.0014498228
28x19,0.00020929969,0.0019818472,0.00040155495,0.00044869314,0.0047228937,0.0005131347
20x20,0.0010019018,0.000920545,0.00082333304,0.0029388003,0.0014778977,0.0015943834
9x22,0.001094949,0.0005966961,0.0049929456,0.00044762666,0.00093163224,0.0010840028
24x27,0.0017105781,0.0011371437,0.00076528953,0.0010412636,0.002351975,0.005517228
12x25,0.0021748543,0.0020558073,0.0012960826,0.00064812804,0.0004309423,0.0015904859
25x21,0.0018748586,0.0016414564,0.0004344873,0.00070691,0.0015286594,0.0019075489
28x22,0.0006738362,0.0014106925,0.00094860897,0.0009642994,0.007367592,0.00049220194
23x25,0.0018249326,0.0013903142,0.001258915,0.0012780027,0.0009485961,0.00513996
20x18,0.0016675772,0.0019888647,0.00037052142,0.0029229023,0.0013348039,0.001487414
10x11,0.002219058,0.0015779077,0.0005966301,0.0015311817,0.0015672548,0.00040047304
17x33,0.0001915769,0.0008738912,0.0025804837,0.0060504265,0.0034671435,0.0009980042
12x10,0.00345128,0.0014951517,0.0005916926,0.00029156654,0.0008694503,0.0006582625
19x29,0.002929264,0.0010862058,0.0015981402,0.0015023102,0.0015598241,0.0019770872
28x15,0.0037598957,0.0012389183,0.00040588298,0.0005341064,0.0031961678,0.0022011679
7x23,0.0012087758,0.0025885548,0.0018583263,0.0024422547,0.0006181877,0.000820776
26x20,0.0013351255,0.0021582162,0.00042055527,0.0004295367,0.0020715855,0.0016517735
9x33,0.002122028,0.0010098874,0.0030867711,0.0010835312,0.0009903897,0.0006139389
3x30,0.00199317,0.0022414052,0.0017681151,0.0016954766,0.00038015805,0.001612997
15x31,0.0010005526,0.00043658237,0.0067654997,0.0011513312,0.0019452833,0.00057276944
11x14,0.0024602928,0.0019507825,0.00071350636,0.0010443712,0.00066987413,0.0005324947
21x22,0.0023487867,0.0008098477,0.00043190437,0.001146051,0.002536527,0.0016826595
21x10,0.002204325,0.0023498067,0.0013777661,0.00087447086,0.0010975994,0.0013030752
21x27,0.0012926314,0.001172037,0.00029531363,0.0012396399,0.00216207,0.0056720753
17x22,0.00020991922,0.001982579,0.00039771377,0.0013218225,0.00051306776,0.0013004071
5x18,0.0030195774,0.0015609635,0.00043631974,0.0013648926,0.00040739434,0.001264983
19x16,0.0021208064,0.0015682734,0.00036953826,0.00059328874,0.0026946282,0.0004371139
5x23,0.0014291025,0.0016989217,0.0013881404,0.0014032911,0.00025166903,0.00083251036
18x13,0.0029779098,0.0016012442,0.00058929046,0.00043998705,0.002071275,0.0017624325
19x25,0.0029787247,0.0017212185,0.00035187064,0.0022042226,0.0016694563,0.00074734894
25x23,0.002242357,0.001748996,0.0010787628,0.0011418004,0.0025810022,0.00094534364
30x13,0.003124584,0.0010150049,0.00080059154,0.0010006498,0.00068706146,0.0008598691
27x27,0.0016361425,0.0014703289,0.0006818911,0.0015426676,0.0012757521,0.00166506
5x31,0.0012729649,0.0033417966,0.0013882173,0.003247912,0.00044566987,0.0015563964
30x14,0.0024687438,0.0022104986,0.00073339406,0.0006058168,0.0020421145,0.0006764968
15x27,0.0005968422,0.00064817956,0.010960393,0.0006538222,0.0008681586,0.000671247
10x24,0.0011143349,0.0008434697,0.005149707,0.0009487244,0.00073667156,0.00050040067
8x21,0.0030409137,0.0017786141,0.0012937079,0.0009315279,0.0005228811,0.0013410855
23x22,0.0028140198,0.0021823777,0.0016619435,0.0013304551,0.001131378,0.00077600195
12x31,0.0003087663,0.001925635,0.0052253553,0.0018514228,0.00046307186,0.00062051375
15x25,0.0006398038,0.00083979196,0.00039680506,0.0074092415,0.00060058327,0.0017588247
13x19,0.00034882556,0.00068999716,0.0051998193,0.0039610947,0.0009871984,0.0014242096
7x32,0.00063664146,0.0025325203,0.0034402143,0.0016578409,0.00058424764,0.0013439745
6x10,0.00026069436,0.0020826473,0.00046202296,0.003018971,0.005208917,0.00043017243
9x30,0.0011716543,0.003329678,0.0028151225,0.0016908294,0.00034808298,0.0014905508
30x21,0.00063366495,0.0007113288,0.00077886996,0.0010784041,0.008249365,0.001782048
3x32,0.00084677857,0.0018645192,0.0015704347,0.0016075912,0.00058086833,0.0034945419
21x31,0.0005952781,0.0017159687,0.0008198331,0.0009111318,0.00092640833,0.0068680746
7x22,0.003114417,0.0035399818,0.00054303644,0.0011634331,0.00052220374,0.0009726631
12x26,0.0008752887,0.000370514,0.0058185677,0.0005680902,0.00086989073,0.0010983618
18x12,0.00046188143,0.0023952608,0.00051675754,0.0006425385,0.003867112,0.0008245264
7x11,0.002688917,0.003192969,0.00035557777,0.0006626265,0.0006781553,0.001184246
29x20,0.0001948408,0.003635034,0.0003598344,0.0008509208,0.007932627,0.000595779
14x13,0.0025906393,0.0014912965,0.0007121099,0.0006246607,0.0017678083,0.0014202715
26x18,0.0032309154,0.001853816,0.00066072115,0.0016644805,0.0013267661,0.00057982135
20x30,0.0004965096,0.0014432202,0.002018335,0.0020389876,0.0007917707,0.0061797095
8x31,0.0011024153,0.0019994539,0.007076728,0.0005132241,0.00037713847,0.00045102133
8x15,0.0010982056,0.0014532143,0.0029183407,0.001473094,0.00056481984,0.0018156089
27x23,0.001035675,0.0020652104,0.0009988023,0.0005615724,0.001728725,0.0034814836
22x25,0.0018237866,0.00081127445,0.0009627657,0.0008899272,0.0013608384,0.0056052925
24x23,0.001576328,0.0019304794,0.0005302165,0.00092343043,0.0015057147,0.00056002307
18x16,0.0030463664,0.001749707,0.0009523585,0.00046946376,0.0011697479,0.001557873
25x29,0.00088479416,0.0019978988,0.001340662,0.0010155065,0.001265509,0.0043242206
8x20,0.0028787772,0.0027864636,0.0020566243,0.0014536527,0.00053420675,0.0006185525
26x17,0.003184236,0.0016137657,0.00028066142,0.00065681594,0.0016291599,0.0011050149
12x24,0.003076209,0.0015727995,0.001213995,0.001584108,0.00075520365,0.0014140487
10x32,0.0006960406,0.0010947243,0.0010159484,0.0034890424,0.00075036514,0.0010513491
25x9,0.0021455653,0.0019968217,0.0011579188,0.0015162595,0.0014714579,0.00088746723
10x14,0.0015616204,0.0021627187,0.0007280574,0.0016058448,0.0009964901,0.0007556952
14x14,0.0016070514,0.0017221113,0.0012698061,0.0007927074,0.0015742392,0.0010180338
26x16,0.003206985,0.0020865577,0.000365783,0.0015111141,0.0019685861,0.0010336051
11x16,0.0009445257,0.0013001757,0.0027595744,0.004192924,0.0007589831,0.0010327154
11x12,0.002494212,0.0015634507,0.00055388495,0.0006644284,0.002051539,0.00083969434
22x19,0.00058072264,0.00066842505,0.00029512905,0.0070231026,0.0018069292,0.0041743107
6x12,0.0032868371,0.0019623432,0.0005980985,0.0007160528,0.0011375641,0.001930497
24x14,0.002041189,0.001050261,0.00063210493,0.002137247,0.002876936,0.0028027021
18x33,0.00031172714,0.0025391816,0.0015961274,0.000801536,0.003932853,0.004036367
15x20,0.00017268879,0.0011702594,0.0033051972,0.006268318,0.0011623396,0.00321228
20x17,0.00086342933,0.0037811464,0.0003271572,0.0006591935,0.0066960766,0.000527051
22x17,0.00024741312,0.0015506234,0.0005428264,0.00054891943,0.00553655,0.0005138003
13x11,0.002150246,0.0014356396,0.00087471015,0.0006447052,0.0012385185,0.0006294134
30x20,0.00042429604,0.001082131,0.0014362552,0.00043449335,0.0061549298,0.00087757205
7x14,0.0014659773,0.0015803967,0.0008084215,0.0012886381,0.0005160212,0.0007429217
23x18,0.0019397365,0.0022216528,0.0005700965,0.00092632393,0.0020739876,0.0011556508
4x27,0.0014487746,0.0010217637,0.002989,0.0010658149,0.00065447215,0.0008832064
22x21,0.0022798423,0.0019633626,0.00057989266,0.0008644278,0.0012373488,0.0009723816
17x9,0.00038504822,0.003046262,0.00031335093,0.000759088,0.0048124394,0.00031291138
7x10,0.00024430448,0.0020692663,0.00046532485,0.0005423739,0.00727798,0.0014790178
11x30,0.0013292142,0.00081940583,0.004315985,0.0008857324,0.0008380905,0.0009846315
25x28,0.0011405738,0.0013835144,0.0010913598,0.0013111867,0.0013078736,0.003375959
19x19,0.0007690917,0.0002953869,0.00030969357,0.0044965353,0.001885126,0.002145869
19x9,0.0015437928,0.0022373144,0.000920608,0.0007033525,0.0015398413,0.0013395931
15x23,0.0014311714,0.0015238374,0.0011060376,0.0016035495,0.00056834647,0.00304053
8x27,0.0011977439,0.000796363,0.0049190093,0.00094636995,0.0011320766,0.0015254191
20x9,0.002824324,0.00086356915,0.0013591304,0.00095075974,0.0013597979,0.0021797298
25x25,0.0011230857,0.0020823278,0.0009221082,0.00057815464,0.0005406261,0.005143413
13x25,0.0017611699,0.0023268948,0.0005620361,0.001107948,0.0017702635,0.0006145276
15x14,0.0014534638,0.001374112,0.0010674271,0.0012591741,0.0011397529,0.0005710644
28x21,0.00032471967,0.0011908492,0.0003693238,0.00052274327,0.0075301984,0.0007793197
8x32,0.0007734916,0.0010486702,0.00332068,0.0026572463,0.00101024,0.0007608251
14x29,0.0014603167,0.0011491474,0.0039199,0.00071558275,0.00055652467,0.0011497134
24x24,0.0009422062,0.001990438,0.0009661579,0.0008804761,0.0008185626,0.006691619
10x12,0.0023170384,0.0018186045,0.00045902168,0.0005797598,0.0012204918,0.0024363224
11x10,0.0024548976,0.0020659254,0.00046484015,0.0007573795,0.00086408947,0.00096659356
14x28,0.0022817382,0.0009031551,0.0048341057,0.0008095468,0.0014633393,0.0021537738
26x24,0.002533589,0.0023851402,0.0005660632,0.0004603633,0.0013002938,0.0037764283
27x26,0.00039394572,0.0013729482,0.00089934823,0.00059421087,0.0017761195,0.008189891
11x22,0.0003035295,0.00427787,0.0004209991,0.0031631265,0.0015501549,0.0007224382
19x14,0.0013361942,0.0035859663,0.00059637264,0.00067373767,0.0011917884,0.00061599375
7x19,0.0015404711,0.0020760577,0.001080406,0.0016493635,0.0005046359,0.0011867438
12x21,0.00040162742,0.0011739115,0.0034975735,0.0024769262,0.0013189433,0.0007669669
4x24,0.0006437892,0.0016364756,0.0027443296,0.0010523726,0.000675996,0.0007615512
12x29,0.0022890745,0.0009981316,0.006897812,0.0006062633,0.0007780767,0.0005883883
11x13,0.0027591623,0.0013678684,0.00080321194,0.00060521613,0.0017505897,0.0006880342
12x27,0.0017575311,0.0017196079,0.004007442,0.001893361,0.000484483,0.0019773073
10x31,0.0008899336,0.004436756,0.002193799,0.0030456476,0.0004294296,0.0006671372
7x16,0.002575494,0.0016091937,0.0014676003,0.0011122151,0.00051732454,0.00078753073
27x18,0.0039777295,0.0017351207,0.0003222865,0.0008315545,0.001038142,0.0030613604
16x31,0.0030862957,0.0008152532,0.0036442664,0.00199472,0.0012908161,0.0006202429
13x16,0.001091731,0.0020742766,0.00060875004,0.003560027,0.0017696077,0.0011576425
8x26,0.00037988185,0.0010058498,0.0075170943,0.0010723846,0.00048756902,0.000974532
21x28,0.0007581599,0.0010362052,0.0013839847,0.0010575948,0.0015144793,0.0066186255
11x20,0.000618963,0.0011606993,0.0013584545,0.0067079444,0.0014528082,0.0022155696
25x11,0.0018785901,0.0022360333,0.0005084289,0.0007568066,0.0019109185,0.0007219699
18x20,0.0010015818,0.00056840945,0.0003332744,0.007600397,0.0012377357,0.0040948675
17x10,0.0008396917,0.0017348381,0.00043914525,0.0006080947,0.0043640085,0.00073039765
17x16,0.0024085,0.0015295101,0.00088057306,0.0010874015,0.0022081276,0.0009843081
25x14,0.0019492676,0.0019189988,0.0004705875,0.0005929717,0.0031518925,0.000687257
10x18,0.0005730014,0.00069887127,0.0048117964,0.001580486,0.0010604059,0.0009767315
15x9,0.00161233,0.0024170661,0.00028742847,0.0009641398,0.0022679581,0.0014162331
12x18,0.0009614907,0.0006287813,0.007727285,0.00092646,0.00058720546,0.0005840248
9x14,0.002572474,0.0014204157,0.00067853765,0.0011761758,0.0010082193,0.0010170373
10x17,0.00084197,0.00027482928,0.007791536,0.0012879735,0.0005376408,0.0009862158
27x13,0.002088745,0.0024211777,0.00051991973,0.000645485,0.00091089215,0.0009769303
14x18,0.0002779463,0.0004911226,0.008342712,0.0013828754,0.00071833574,0.00060451723
23x26,0.0010287465,0.0010897247,0.0009271752,0.00062105706,0.0014110889,0.00622878
14x22,0.00028860613,0.0028887638,0.0026916575,0.0044823177,0.00077710097,0.0006028948
5x25,0.0018541417,0.002000375,0.0020669692,0.0014363779,0.0009054708,0.0010070953
23x12,0.0017575702,0.0029965022,0.0006415929,0.00096606876,0.0017912441,0.0019073244
17x31,0.0010074335,0.0003862402,0.004434061,0.0021734585,0.0019386032,0.0004513933
5x17,0.0025471156,0.0018118583,0.0012752145,0.00041287247,0.0005456129,0.0017370048
14x26,0.0020037764,0.0016746259,0.0006514192,0.0037011388,0.0020118018,0.0014849203
14x17,0.0003117786,0.0014205145,0.0028971934,0.007077787,0.00063077867,0.0010739515
27x28,0.0013883933,0.001073412,0.0025248753,0.0007971278,0.0017516096,0.0035754666
12x17,0.00045692816,0.0005199651,0.0074653025,0.0015350463,0.0005724067,0.00058770104
21x24,0.0016493199,0.0026121559,0.001486533,0.0012141599,0.00065509614,0.006040568
25x17,0.0028366016,0.0016523526,0.0001788709,0.001187626,0.0010449652,0.0011628931
29x18,0.0014900347,0.0009963382,0.00071950397,0.00043934258,0.0049228645,0.0016191574
21x12,0.0028663825,0.0012078631,0.00038389143,0.0011832061,0.0014296987,0.0004378271
21x17,0.00037040678,0.0031758135,0.0002069403,0.0005453036,0.0032153283,0.00050801923
20x12,0.004828607,0.0015420812,0.00034490807,0.00090984406,0.0017085184,0.0005501339
23x20,0.0011370938,0.0011489558,0.001216147,0.0013096853,0.002600915,0.0010361309
7x31,0.0006905901,0.0018602348,0.003969428,0.0018448589,0.00046922392,0.0011161132
12x34,0.00280069,0.0010197862,0.0007361674,0.001486834,0.0006936296,0.0015662074
11x29,0.0013212179,0.00044408432,0.0059663537,0.00067288696,0.0013332886,0.0006668742
29x12,0.0021706664,0.0016170745,0.0011963898,0.0020288907,0.0012914942,0.0013130505
7x25,0.00040290583,0.0018793977,0.0032150655,0.002817544,0.00059197354,0.0012036529
21x29,0.0012483016,0.0007579273,0.0012024667,0.0010903436,0.0014836774,0.003072943
10x28,0.0010353426,0.0005830456,0.0064962846,0.0013129438,0.0005326602,0.00046887805
14x15,0.0021390275,0.0022436443,0.00089768175,0.00066643377,0.0011079747,0.0005593644
16x25,0.001144596,0.0013141779,0.00048553216,0.007495174,0.0016297428,0.00071895117
16x18,0.00024066874,0.0024355124,0.0037960405,0.0027596708,0.0005755135,0.0013971434
28x10,0.0012389768,0.0012511861,0.0010263196,0.0026263779,0.00061303936,0.002754003
7x33,0.0008145712,0.0011756688,0.0022619537,0.004620369,0.00056712923,0.0008980031
30x17,0.0019915777,0.0026792323,0.0007189491,0.0004731986,0.0011379344,0.0007682198
21x23,0.0006388481,0.0012175005,0.0009298614,0.0006976023,0.0018766349,0.003914032
21x19,0.0007289416,0.00064161915,0.00034390728,0.00579515,0.0016911434,0.0033129002
24x19,0.0028470578,0.0017509287,0.00066700444,0.00035803832,0.003011418,0.00061366137
11x31,0.0013180106,0.0007548058,0.004567384,0.0021926004,0.00042843897,0.0013312132
11x24,0.0020243716,0.000978257,0.0015358267,0.0018924538,0.00065273745,0.00057804974
4x30,0.0022833734,0.0018838077,0.0016787067,0.00096221594,0.00084455457,0.0012069029
28x20,0.00088454486,0.0011318714,0.00079538766,0.00061456324,0.0073589436,0.0012187352
16x14,0.0031551286,0.001264567,0.00050795573,0.00068658753,0.0023596059,0.0013284261
8x11,0.0036694165,0.002283916,0.0010365262,0.00065635424,0.00085937086,0.0008360475
3x29,0.0011184888,0.0016485802,0.0021077474,0.0012306612,0.0005572127,0.000576443
24x25,0.00094633887,0.0012152315,0.0010171791,0.0012854158,0.0018878441,0.0033173845
5x32,0.0011284541,0.0022551927,0.0016756139,0.0015275648,0.0002952471,0.0011278362
15x10,0.0011413894,0.0020740384,0.00040260688,0.00078598456,0.0037935332,0.0018450093
12x19,0.0009697299,0.0005027582,0.0055825203,0.00083907414,0.00071668095,0.0007435483
19x22,0.002097632,0.0015430087,0.0005930968,0.001076467,0.0015670317,0.0021734608
6x25,0.0020386958,0.0014852355,0.0013024027,0.0017517034,0.0006872082,0.0014224286
12x9,0.003313734,0.0012935168,0.0008462662,0.0005127138,0.0009706701,0.0014169759
23x17,0.00018372267,0.0027872338,0.00027762353,0.00038815883,0.0037520912,0.00092734816
5x26,0.0021037445,0.001960949,0.0029103996,0.0027036658,0.00048121225,0.0008571795
10x10,0.0024197635,0.0016837966,0.0009887549,0.00098884,0.00066832814,0.00073153997
15x33,0.0010248484,0.00050636387,0.007963343,0.00049299834,0.00058299,0.0013754118
6x21,0.0019965216,0.0017938364,0.0009367934,0.0007589572,0.00031562822,0.0012631835
17x11,0.00054809486,0.0015905754,0.0012943737,0.0005790843,0.009307694,0.00044122862
9x17,0.0002982753,0.0017003242,0.002574582,0.0025310726,0.00039969067,0.0017422703
18x26,0.00057467766,0.00061141036,0.00033027,0.004943116,0.0009206658,0.0032168063
30x18,0.0016671214,0.00053269934,0.0010237449,0.0012871437,0.0061322474,0.0009934101
25x27,0.0009646875,0.0010968439,0.0024433974,0.0007394538,0.0015958771,0.0059536644
15x28,0.001671686,0.00084493036,0.0065603564,0.0008659454,0.00081154384,0.0007541281
27x22,0.0013975295,0.0025820269,0.00027109744,0.0016819861,0.0058071017,0.00080149894
21x21,0.0014219311,0.0016986525,0.00070381915,0.0010060059,0.0016768359,0.0015087307
22x16,0.00032946063,0.0018780541,0.00021061656,0.00046850214,0.004499055,0.00055570283
7x18,0.0032671383,0.0019239688,0.0013066484,0.0006613372,0.00067621574,0.0021467428
20x31,0.0002892844,0.00091950136,0.0017254931,0.0010005574,0.0017048906,0.008982326
8x25,0.0015473528,0.0007985374,0.0023676069,0.0033995335,0.0016912066,0.00050512364
9x32,0.00031533567,0.0030546947,0.0010619718,0.0011638775,0.00069668866,0.0014492024
30x16,0.0022319013,0.0017431151,0.0005789801,0.00080169464,0.0023765578,0.00058842404
25x30,0.0007813404,0.0013658457,0.0013915962,0.0015646915,0.0011246599,0.0046833386
27x10,0.0019855406,0.0011809539,0.00060882984,0.0019531776,0.0016583884,0.00058899407
9x11,0.0028838222,0.0017567027,0.0009499751,0.00058153487,0.0018968049,0.000526592
21x14,0.0002214701,0.002186508,0.00029891857,0.0012435783,0.0021193214,0.0013110244
14x21,0.00024936805,0.0008681771,0.0021237354,0.0065287454,0.0023441815,0.0010698739
17x28,0.0013804724,0.000714025,0.0009938702,0.0062310603,0.0007393169,0.003218506
14x11,0.0025105353,0.0018959258,0.00021751021,0.001444352,0.0018388919,0.001057406
30x11,0.0022328077,0.0024407236,0.00080125243,0.00074918603,0.00083145796,0.00087583007
17x23,0.0007049843,0.0028475742,0.0015859378,0.0024421515,0.00053180114,0.001034234
18x22,0.0025989623,0.0014322478,0.00054762623,0.0010570677,0.00097189355,0.0008682621
7x21,0.0015073335,0.0015280785,0.0008392296,0.0030667775,0.00036813525,0.0016629671
12x33,0.0015122476,0.0012008249,0.0013269398,0.0041347253,0.0006151009,0.0012565153
23x14,0.00196413,0.0019542233,0.00037276637,0.0013156686,0.00259092,0.0018814943
22x27,0.001143542,0.002026407,0.0016889492,0.0006957881,0.00086555636,0.0065740813
8x33,0.0017887698,0.0015044399,0.0008754619,0.00050327374,0.00030648682,0.0028986095
16x20,0.00040561982,0.0018209782,0.000611363,0.0051308493,0.001037199,0.0013337841
17x21,0.00061455905,0.0016148972,0.00028654758,0.0018730303,0.00081496587,0.0026802782
11x27,0.0015800061,0.0013896653,0.0020595924,0.0011284386,0.0008625398,0.0003606213
25x24,0.0008070516,0.0018431715,0.0007649105,0.00049778837,0.00046248565,0.0031871288
27x19,0.0018243318,0.0012164563,0.000507334,0.00052759715,0.0039998437,0.0021357834
8x17,0.0013624524,0.002010735,0.0017637595,0.0016526126,0.0004493061,0.0019707168
28x18,0.0030938094,0.0011029147,0.00034123202,0.0012015231,0.0030652462,0.0013113279
13x27,0.0007097185,0.00048859784,0.007441737,0.0006268222,0.0008113397,0.00064396416
17x27,0.0003692911,0.001164638,0.0006949,0.0059384177,0.00062571396,0.003397122
5x29,0.0035438156,0.0021264444,0.0010490936,0.0010067369,0.00067580555,0.0006577307
24x11,0.0014293826,0.0032320756,0.0013336379,0.00091278966,0.0009341687,0.0012762633
20x19,0.0009991166,0.0008185231,0.00038377944,0.006346465,0.0013974139,0.0025488716
18x27,0.0004701568,0.00055171904,0.0007775287,0.00845637,0.0004950453,0.0016839465
17x14,0.0025285576,0.0021430517,0.0004700439,0.00028243836,0.0009852218,0.00048352708
16x28,0.0005184366,0.0008776612,0.0039278837,0.001531446,0.0005429028,0.00072008267
22x31,0.0008270174,0.0006110975,0.0013406831,0.0009245401,0.0012833532,0.008472284
15x15,0.0024425217,0.0015747544,0.0018901143,0.001340913,0.0017981734,0.0011902916
14x12,0.0025473905,0.0017825619,0.00049704063,0.0015425426,0.00073307037,0.0011476049
22x11,0.0016390582,0.0014945664,0.0012051457,0.00078275043,0.0021849764,0.00201962
8x19,0.0040069907,0.001396964,0.0009883192,0.0012514569,0.00033377224,0.0010432948
26x15,0.0025438038,0.001969719,0.0008181881,0.0004190921,0.0013360389,0.001447224
6x32,0.0019397537,0.0016738465,0.0020863875,0.0010460154,0.0009218789,0.0012726416
6x13,0.0019489963,0.0025545864,0.0012401392,0.000778065,0.00068610715,0.0015207015
21x26,0.001209329,0.0014915816,0.00094186125,0.0010837077,0.00033231892,0.0029946696
14x20,0.0009429115,0.000582372,0.0028319738,0.0070436466,0.0006798426,0.0010741266
15x29,0.00080443284,0.00042580813,0.006444793,0.0012254647,0.0007526562,0.001065446
28x25,0.00055074337,0.003752119,0.0003287387,0.0012191219,0.0021218574,0.0034110178
9x19,0.0019457092,0.0027057389,0.0010556565,0.0014927842,0.00039803583,0.0012491071
13x29,0.0019936005,0.0013913525,0.002742184,0.0007739197,0.001631739,0.0009999613
20x27,0.0012371348,0.0027171373,0.00070557,0.0006785185,0.00028535948,0.005289046
17x18,0.0028133034,0.0024841656,0.0011025859,0.0006178035,0.0009328044,0.000909148
6x27,0.001188646,0.0018051276,0.0023043207,0.0013051536,0.00048999005,0.0006893381
9x13,0.0016916041,0.0021714878,0.00074867124,0.00068263523,0.0008966735,0.001325951
17x25,0.0011333225,0.0011826389,0.00026457047,0.003972395,0.00079024705,0.0018155661
22x9,0.0023444279,0.0023234084,0.0005506875,0.001175337,0.00087464874,0.0009819121
15x19,0.00031986393,0.00034173572,0.0068006576,0.0021182708,0.0013719589,0.0007584901
20x25,0.0022198516,0.002269676,0.000617842,0.0017182252,0.0012984474,0.0013613172
20x13,0.003240573,0.0023576606,0.0007185955,0.0003540816,0.0018057035,0.0006179266
16x9,0.00016887218,0.0017600259,0.00050929695,0.0007466607,0.007837386,0.0005619161
14x16,0.0017123024,0.0019868745,0.0007642063,0.0007353391,0.00096266915,0.0022689907
18x23,0.0025069283,0.001534218,0.0002637415,0.0014124386,0.0022799901,0.0018179861
23x28,0.00078450545,0.0010633802,0.0010634935,0.00083230785,0.002404961,0.0034032483
8x30,0.0011938363,0.001176474,0.0043078936,0.0016952585,0.001002169,0.00085191755
21x30,0.0010357702,0.00091012754,0.0027430253,0.000857729,0.0014351374,0.0027849346
6x22,0.002125826,0.001993433,0.00039512335,0.0019772756,0.00047113872,0.0013079951
23x29,0.00046135677,0.0010231644,0.0010550945,0.0004128914,0.0006248691,0.0034371607
15x34,0.00020981158,0.0015879611,0.002479537,0.0050325533,0.0023065647,0.0021681178
21x13,0.0035039096,0.0017923862,0.0006437911,0.0006283915,0.0006325862,0.0007895586
9x18,0.00038815508,0.0016190715,0.0036935057,0.0031007838,0.00070088485,0.0011800601
9x31,0.00041101256,0.0020757392,0.0020896029,0.004215628,0.00038843913,0.0012398389
23x15,0.00033679555,0.0053452807,0.00023816463,0.00052858674,0.005412016,0.00038724023
11x26,0.0011170668,0.0005109404,0.0053611533,0.0006626125,0.0011480764,0.00066812773
8x24,0.0009899468,0.00064914464,0.004303098,0.0010056902,0.0009092846,0.0006152224
31x13,0.0031158251,0.00087991485,0.00057926396,0.00088816386,0.0012180717,0.00032524168
10x30,0.00091046526,0.00040906479,0.00452316,0.00091420556,0.00082459213,0.0014042252
24x26,0.0016881012,0.0011809889,0.0013885797,0.00059789733,0.0015599756,0.0031504217
9x23,0.00061591796,0.0023595013,0.0017566001,0.0014931391,0.0003106682,0.0018531949
9x15,0.0015035103,0.0021036454,0.0010926281,0.0025067413,0.00030999593,0.0013900262
6x17,0.0029010323,0.0017955108,0.0007851043,0.0010907812,0.0005035076,0.0013570492
8x22,0.0014166059,0.0010374177,0.0029538744,0.00031586475,0.00058478443,0.00068935566
4x29,0.0016571975,0.0012001437,0.002894575,0.0011445227,0.00087791774,0.0021072403
18x15,0.0015402603,0.0017520889,0.0010533065,0.001043877,0.0010008113,0.0005140277
19x28,0.0014487753,0.0018637902,0.00038002763,0.0021767695,0.00049137353,0.0017081867
31x15,0.0022262293,0.0013938589,0.00037390424,0.00061907235,0.0024045873,0.00049416814
20x29,0.0012310517,0.0016269184,0.001007471,0.0024309275,0.0017676109,0.0046223826
25x13,0.000610965,0.0017205557,0.0004029692,0.00053728535,0.0021380596,0.0006703132
21x9,0.0040289126,0.0009970912,0.00063911197,0.0016054327,0.0020776936,0.00079234893
24x21,0.0032853836,0.0012019697,0.000491026,0.00045244675,0.0009197489,0.0010192604
12x28,0.0019095042,0.0017946953,0.0021546227,0.0011361032,0.0010633016,0.0010300198
12x23,0.0009632512,0.0017959079,0.0010680106,0.0031737247,0.0017394777,0.0022743212
19x11,0.00057296373,0.002352656,0.0006899841,0.0009975802,0.0057317866,0.00067393354
19x21,0.0017264534,0.0018289442,0.00029503458,0.0013822265,0.0022396417,0.0019981547
7x29,0.0017555727,0.0022403535,0.0020137096,0.004381108,0.0003463404,0.00070181675
5x20,0.00073687924,0.0009775021,0.00504499,0.0005719628,0.001161416,0.00050301536
26x10,0.0036516904,0.0015697435,0.0007212431,0.0011825067,0.0012630235,0.00020873637
9x27,0.0012486978,0.0015249155,0.0025614095,0.0030595234,0.0011542954,0.001084487
18x14,0.002443439,0.0014325838,0.00057109643,0.00077044417,0.0013673231,0.00086923345
15x17,0.00022032693,0.0018526829,0.0025753889,0.008257533,0.0004996617,0.00081723055
13x28,0.0016661597,0.0014123169,0.0014989125,0.0026441012,0.00036744398,0.0006356349
23x27,0.0017483481,0.0013877242,0.0011178539,0.0008968178,0.0025234702,0.0034046443
13x18,0.00035037263,0.00044505767,0.0037262633,0.002897958,0.00077295356,0.0014699246
8x23,0.0004559504,0.0030730108,0.0030976837,0.0021943343,0.0005821312,0.0007352829
9x24,0.0013035063,0.0006872806,0.004827691,0.0008403571,0.0007491766,0.0007749729
21x25,0.002544249,0.0016124137,0.0010411387,0.00159838,0.001107306,0.0016184951
13x13,0.0019083506,0.0015334445,0.00057494466,0.0005845116,0.002124184,0.0008936559
13x32,0.0036847866,0.0008981067,0.0011514827,0.0021241992,0.0013333139,0.001048238
22x20,0.0014888716,0.0017243467,0.00055652414,0.0015539147,0.0012707933,0.002989742
13x23,0.0007741788,0.0016724694,0.0019302799,0.00317183,0.0008179664,0.001664848
29x11,0.001250023,0.001122358,0.0005721846,0.0039645215,0.0006275913,0.0031849039
22x29,0.001921244,0.00083345576,0.0011237995,0.002290716,0.002485954,0.004076784
29x10,0.0016986678,0.0020317058,0.0009306099,0.0012491008,0.000815788,0.0007082731
6x30,0.0018539774,0.0016811428,0.0018820988,0.0016267637,0.0006378706,0.0012387811
9x10,0.0029187659,0.0016845568,0.0004462511,0.0010099626,0.0013199155,0.0007815354
28x24,0.0012781752,0.0013231891,0.0012463812,0.0006426586,0.004901726,0.0019507245
27x15,0.0036015077,0.0019638748,0.0003977149,0.0005632422,0.0024596218,0.00043832717
16x23,0.0008608071,0.0022109381,0.00024248922,0.0028006656,0.0006179892,0.0021019687
16x11,0.00085904833,0.0017350885,0.0010763648,0.00053568033,0.006307338,0.00041161128
11x21,0.00019040094,0.0015774268,0.0011065195,0.0048060026,0.0010187774,0.00060334173
17x29,0.0017513009,0.00046984857,0.002110072,0.002821444,0.0013788062,0.0023915898
20x32,0.00082026917,0.0013725021,0.0010983635,0.000589334,0.0010896968,0.006255545
16x21,0.0002077271,0.002504196,0.00037478757,0.0030290845,0.00034674534,0.0025637671
23x10,0.0012836293,0.0023539113,0.00047766825,0.0015032211,0.0009080891,0.0011003318
23x11,0.002052038,0.001422521,0.00049972127,0.0010722004,0.0019264127,0.0022899369
9x25,0.002353496,0.0007112203,0.0061710076,0.00079459377,0.0012093957,0.00046671325
27x21,0.0009748293,0.0010193613,0.0006626198,0.0006047414,0.010353858,0.0011589719
13x33,0.0031452999,0.001152822,0.00213536,0.0038068579,0.0012476337,0.00084897305
19x26,0.0025694214,0.0009283022,0.00038206537,0.0015330773,0.00070274284,0.001750633
4x26,0.0012302563,0.0008502667,0.0041609835,0.00092587597,0.00046309768,0.0020220578
8x28,0.0008792853,0.00090154825,0.0029574807,0.0009728041,0.0009051846,0.0041419235
9x29,0.0012136208,0.0019916247,0.003012524,0.0021214264,0.0004890337,0.001741054
22x24,0.0019537075,0.0011498221,0.000764928,0.0006403317,0.0014982417,0.0023183983
15x11,0.00081735826,0.0017128406,0.0014550103,0.0010453489,0.0038208063,0.0015716846
16x27,0.00039425344,0.0014098206,0.001691747,0.0027033957,0.0013272195,0.0039656
13x30,0.0007051263,0.00030132054,0.005553842,0.0009428615,0.001045104,0.00093802914
7x17,0.001655606,0.0016644511,0.0009516006,0.0025442364,0.000274725,0.00088539143
30x15,0.002198962,0.002963078,0.00038997526,0.00034413318,0.00089144695,0.0026819385
19x32,0.0018701741,0.00088705844,0.001130226,0.0009319873,0.0020322388,0.0018848322
28x16,0.003514883,0.0018452057,0.00022648965,0.0010026826,0.0026390487,0.00051709195
23x21,0.0028423213,0.001396262,0.00062789745,0.0008504679,0.0010782372,0.0018761831
10x33,0.0014905187,0.0013697969,0.0024636185,0.0015865383,0.0003268915,0.0021520501
26x11,0.002127154,0.0014829042,0.00058708,0.0006067114,0.0014778543,0.0011007558
13x14,0.0028020837,0.0019869083,0.0010332032,0.00042017753,0.0011365992,0.0006835833
7x20,0.0018950922,0.002653463,0.0010826379,0.0024438775,0.00036634208,0.001711292
4x22,0.0010404986,0.0009322334,0.0019509442,0.0013850641,0.0019427624,0.00057591323
14x34,0.0013474295,0.0011455305,0.0018776818,0.001972376,0.0011036271,0.0018194007
8x12,0.002339829,0.00324757,0.0006366935,0.0005252601,0.00092705945,0.0007276816
13x20,0.0009950146,0.0007293538,0.0029275492,0.0038470328,0.0012645602,0.0014158647
17x13,0.0017241333,0.0022889527,0.0011264159,0.00069188315,0.0016878038,0.00065264764
24x17,0.0027372818,0.0014008606,0.00020563495,0.0005211709,0.0023592098,0.0012019206
15x13,0.005353398,0.0020902427,0.00052635075,0.0015389195,0.0016735683,0.0003882949
24x18,0.0023691978,0.001686979,0.0005480511,0.0006019408,0.001419734,0.0013143028
23x30,0.00062069594,0.0016426939,0.0014107457,0.0007197567,0.0014984392,0.008094616
25x18,0.0023588291,0.0019126155,0.0006291362,0.0007387753,0.0010558657,0.002737233
28x12,0.003094817,0.0021153616,0.0005050893,0.0006507035,0.0007530289,0.00049366005
24x20,0.0019261263,0.0016534029,0.00064459175,0.0013365195,0.0018203557,0.00049637
8x18,0.0015195461,0.0009238642,0.0016783299,0.0013128711,0.0006184168,0.0015184552
28x23,0.0022614964,0.0016916716,0.0003081391,0.0004251346,0.002388552,0.0020467495
3x27,0.001357457,0.0017164741,0.005515326,0.0012431467,0.0010782817,0.001150482
22x14,0.0015205068,0.0024530494,0.00083992316,0.0009920665,0.0024783171,0.00065867964
22x18,0.00052205834,0.001887741,0.00024989908,0.00067056867,0.002890558,0.0017797662
19x13,0.0016790647,0.0020505514,0.00040073437,0.00080389535,0.0027479806,0.0003287153
9x20,0.002572006,0.0018251754,0.00071850297,0.0016596185,0.000856379,0.0010942242
6x28,0.0028475942,0.0016305331,0.0021528073,0.0014025392,0.00049674284,0.0021378186
11x19,0.0010303061,0.00061110326,0.0040776185,0.002674889,0.00048873044,0.0012081797
10x20,0.0017800984,0.0017723998,0.0010105176,0.0037050832,0.0011525163,0.00087590475
19x20,0.0005592088,0.0016240272,0.00024859986,0.005334307,0.0011876088,0.0046178545
4x20,0.0016515623,0.0016829944,0.0046078926,0.0007578007,0.00090702,0.00056548754
3x25,0.0012688177,0.0014619554,0.0035323338,0.0020426067,0.0008119266,0.00049214397
22x10,0.0020152847,0.0037461908,0.0005090327,0.0009644118,0.0013490149,0.0006361268
13x26,0.0023772535,0.0018301961,0.0008437,0.0013281717,0.00086145586,0.0005245493
26x23,0.001560049,0.0015692064,0.0012151168,0.0017366307,0.0008542164,0.0022407563
17x24,0.0007064051,0.0014070831,0.00025994552,0.0068432605,0.0005872577,0.0037062247
25x22,0.0027934418,0.0013682654,0.0004573053,0.0007734701,0.002427911,0.0020427129
29x16,0.0012502546,0.00037165044,0.000935715,0.0014240943,0.0071041244,0.0015901765
12x15,0.0019976024,0.0028844615,0.00045836967,0.0033196046,0.0006779416,0.00064301735
19x30,0.00074726844,0.0013385104,0.0015214275,0.0016833751,0.0011587396,0.0048295474
3x26,0.0010236626,0.00066230836,0.0037297327,0.00085341657,0.0009948405,0.0009126356
24x10,0.0025995949,0.0015412355,0.0010930857,0.0010428829,0.0027849851,0.00043437662
18x28,0.0010918633,0.00063552626,0.0006763921,0.004450946,0.0009656828,0.00535432
15x18,0.000610459,0.00017733303,0.0067834556,0.0010109709,0.001013495,0.000662805
16x12,0.002104422,0.0015119186,0.0002981795,0.0005766009,0.0018917718,0.0005453084
21x15,0.00038921263,0.0021186168,0.00032743538,0.000588867,0.006760958,0.0010093048
6x23,0.0022897937,0.0019164991,0.0006924097,0.0026816316,0.0011524599,0.000899377
24x9,0.0030288934,0.0017991373,0.000923647,0.00077749515,0.0019981912,0.00048261904
11x25,0.0017372983,0.00086696335,0.003882197,0.000733566,0.0018757762,0.00056830596
10x25,0.00068683375,0.00061555725,0.005467392,0.0031860091,0.00090367085,0.000967151
27x25,0.00051444955,0.0023407096,0.001943016,0.0010735925,0.0005498269,0.0056675053
14x32,0.0013695409,0.0006709866,0.0031984071,0.0014756123,0.0005312487,0.0013577206
9x26,0.0025609864,0.0012394132,0.0020109627,0.002293198,0.00071804697,0.0014705446
29x17,0.0015904142,0.0020602872,0.0005596718,0.0006035228,0.00444347,0.00040877808
12x11,0.002494813,0.0019071794,0.00061915326,0.0013698363,0.0010118677,0.0009772817
14x10,0.0040953597,0.0017041598,0.0007093044,0.0007190516,0.001966523,0.00084220903
16x26,0.00078045734,0.000581087,0.00083096867,0.006532155,0.0011927068,0.002418028
8x16,0.0016269144,0.0017710631,0.001394927,0.002802396,0.0006000876,0.0013343298
20x16,0.00089234445,0.0014306857,0.0003578758,0.00042453143,0.0030742362,0.00041089198
17x30,0.0013684619,0.00022451612,0.007810972,0.0008511481,0.0010050925,0.00054946914
10x19,0.00071588333,0.0014345177,0.0017919784,0.0048015267,0.001338141,0.0011813885
5x22,0.0009539251,0.0014268851,0.002541061,0.0013438568,0.00084201887,0.0011277028
25x26,0.0012272868,0.0012988087,0.0014277975,0.00063316216,0.002120181,0.0039524385
17x17,0.0023518149,0.0014004773,0.00093287317,0.0010685468,0.0013686642,0.00050246005
13x22,0.00065142865,0.0014046036,0.0051869527,0.0032522494,0.0015055068,0.00076511205
10x22,0.002005731,0.0023049423,0.0009631914,0.0024167174,0.0005978251,0.0033292132
19x23,0.0016151622,0.0024857323,0.00074979535,0.001066707,0.0008009393,0.0024351296
22x23,0.0016745211,0.0023546643,0.00095875433,0.0005312188,0.002047379,0.0020708311
16x29,0.00088926085,0.00145968,0.0041089985,0.002026574,0.000601791,0.0009196518
29x19,0.0004960405,0.00063885644,0.0012006722,0.0009683919,0.005470156,0.0017048916
5x30,0.0014657282,0.0014097944,0.0013586349,0.0008918437,0.00047242639,0.0010056203
6x16,0.002297986,0.0013519436,0.00043458896,0.00052491383,0.00031463377,0.0006283499
11x9,0.0021474517,0.001790904,0.001120992,0.00087587035,0.0011935021,0.0014095046
26x25,0.00021819727,0.0027745364,0.00069699297,0.0006516777,0.0005509523,0.003331225
19x27,0.0016520949,0.0014095613,0.00048200611,0.0052235257,0.0009847208,0.0015893761
7x12,0.00292577,0.0011764137,0.00063282147,0.0011286006,0.0030587185,0.0012940167
29x15,0.0030557988,0.0017887219,0.0005816871,0.00081273424,0.0034732544,0.0005161204
21x18,0.0012103553,0.0015893664,0.000465802,0.0008038498,0.002424415,0.0014674347
23x19,0.0015267195,0.0010314719,0.00040953915,0.001516395,0.0026565637,0.0069203596
9x16,0.00093754247,0.002104325,0.0035441592,0.0061358493,0.0008463308,0.001584895
24x29,0.0004495358,0.0010258728,0.0020633948,0.001245259,0.0029020237,0.005047015
20x23,0.0015083045,0.0017841848,0.0005443334,0.0016041443,0.002154691,0.0023460707
20x14,0.0008826793,0.0023703976,0.00035379315,0.0006684961,0.004534814,0.00070297415
6x18,0.0038511634,0.0020961016,0.001938716,0.00040188167,0.00062576705,0.0007706801
16x30,0.0012843034,0.00030860843,0.005749627,0.0014629433,0.00072763406,0.0005470882
22x12,0.0031741182,0.0021993087,0.0011779326,0.000910061,0.0024992118,0.00046918602
3x28,0.0010231661,0.00079734635,0.0042424584,0.0015019516,0.0013042372,0.00050924456
29x24,0.0011981521,0.001341353,0.0007230416,0.0008695556,0.004273413,0.0015687944
10x13,0.0030693852,0.0021296653,0.0009947029,0.001036291,0.0013732101,0.00043486134
12x30,0.0013423576,0.0008305749,0.0028788594,0.00031566827,0.0012256834,0.003468702
32x12,0.0036587631,0.0020195807,0.00048178266,0.0005469564,0.00039433187,0.00083331397
18x17,0.0017708878,0.0016126784,0.00037640682,0.0005832764,0.0029364547,0.004322466
29x13,0.005799563,0.0021088077,0.00040414135,0.0022728255,0.0013983648,0.0014007187
26x12,0.0029135863,0.0015207535,0.0004911399,0.00084243657,0.0023307337,0.0005169507
17x12,0.000312833,0.0013148439,0.00031572077,0.0007201034,0.007014206,0.0005481187
18x31,0.00036930593,0.0019740125,0.00061536976,0.0043190634,0.0017673407,0.0008331195
32x11,0.002374167,0.0013472766,0.0013525151,0.0008959198,0.0017511969,0.00063602184
23x31,0.0013070384,0.0017490225,0.0022574987,0.0005450377,0.0011789296,0.0065979003
3x31,0.0004274159,0.0019935104,0.0016528863,0.0025104037,0.00048454653,0.0022456972
26x27,0.0009305885,0.0009913407,0.001229645,0.0010621999,0.0018764029,0.004857679
8x29,0.00062043854,0.0019021878,0.0024479388,0.002295271,0.00064853905,0.0016566991
30x12,0.002372619,0.0010866288,0.0011116178,0.00072688534,0.000816542,0.0012726157
20x24,0.002447873,0.0020547414,0.0013183408,0.00047504297,0.0016272492,0.0017479365
16x22,0.00021704334,0.0027533174,0.00056576735,0.0027391142,0.0006199283,0.0012382963
31x14,0.003091148,0.0010642164,0.00032860253,0.001046064,0.0021059753,0.0007164251
15x30,0.00035119458,0.0008594146,0.0046016593,0.0011288347,0.0009871132,0.0004804665
31x16,0.0045794933,0.001429042,0.0010548262,0.0012649954,0.0013612548,0.0007161991
16x32,0.0008651834,0.0007008536,0.008111815,0.0019218996,0.0012051782,0.0012804992
18x10,0.0010284142,0.0014747311,0.0010137537,0.0004534276,0.0028424128,0.0018391133
27x16,0.0036165991,0.0016470773,0.0004735392,0.00031055423,0.0013333075,0.001377041
7x28,0.0012957312,0.001078442,0.0010701721,0.00072896515,0.0003512199,0.002299191
26x26,0.00040694262,0.0013457261,0.0012212041,0.00099407,0.0008070429,0.0042807753
11x28,0.0013304591,0.0013783,0.0036412976,0.0011329401,0.00062633,0.00077039533
27x11,0.0034811548,0.001303039,0.00030133163,0.0005640102,0.0038231537,0.0019358302
4x25,0.001900775,0.0015749235,0.0014636733,0.001372792,0.00044384503,0.0012012385
10x26,0.0019927023,0.0007525907,0.004374593,0.0014255592,0.00073119055,0.0007490898
14x31,0.0013165022,0.000717363,0.0017711102,0.0041921334,0.0010557522,0.0028611852
16x15,0.0021493079,0.001554449,0.00031744206,0.0008415161,0.0019975537,0.0007443444
5x28,0.0018111223,0.0014593252,0.0039761895,0.0009899667,0.0005777742,0.000698916
23x13,0.0030801762,0.0017812158,0.00045439941,0.0006564232,0.0014720807,0.00065563363
31x11,0.0016367931,0.0022059078,0.001279702,0.00053718645,0.0009056117,0.00092908804
29x23,0.0013135999,0.0009878804,0.0006222956,0.00039998593,0.0031560678,0.0029979465
5x14,0.0018163342,0.0021101453,0.0014411107,0.001173198,0.0009450283,0.00071007654
29x22,0.0007257687,0.00046397955,0.0008500412,0.000604407,0.008063321,0.0017632241
18x11,0.0010422431,0.0015072596,0.0006518732,0.0007887213,0.0067540454,0.0006571817
19x18,0.002717445,0.0015685478,0.00065810775,0.0007491173,0.0028854033,0.0019596627
23x16,0.0002399247,0.0020614099,0.00024651547,0.0005759006,0.004294612,0.00065277464
13x17,0.00067574537,0.00095630833,0.0018632194,0.006696423,0.0008115579,0.00064937456
4x21,0.0003091158,0.0005023068,0.011629107,0.0008381954,0.0011471051,0.00057822064
5x27,0.0018807943,0.00071766117,0.0039483183,0.0012567752,0.00045059473,0.0005260688
