,0,1,2,3,4,5,6,7,8,9,10,11,12,13,14,15,16,17,18,19,20,21,22,23,24,25,26,27,28,29,30,31,32,33,34,35,36,37,38,39,40,41,42,43,44,45,46,47,48,49,50,51,52,53,54,55,56,57,58,59,60,61,62,63,64,65,66,67,68,69,70,71,72,73,74,75,76,77,78,79
0,-0.09221574871743553,0.21513988350266303,0.5206450927427061,0.0043906139497653105,0.544932712338037,-0.05798376778618521,0.03674499750373568,-0.08432767490377152,-0.03750758498299897,0.2734680569618126,0.3792625246657172,0.3457176538176744,-0.08718914864274985,0.2777766439620251,-0.06544532490453919,0.005732487791076299,0.043782463509947044,0.046034741157752954,0.309270611185081,-0.07888138955080153,0.3078306962221409,0.3472198594195687,0.08778439346773831,0.42957193988435965,0.05040783771999883,0.35540798100901844,0.11314598432841733,-0.04762970044570908,0.002101829880404275,-0.05374497386344797,0.0617249921221988,-0.0632008517568257,0.3136448806446571,0.32896627034303955,0.23641774263222726,-0.06157179264592816,0.06719050313039003,-0.06094259868863302,-0.12735625212931803,-0.08573342521907315,-0.06803125908282055,0.0011821930946968842,-0.02089794247355414,-0.006750809804343107,0.25727663582562105,0.30449895212189504,-0.03402192539774128,-0.018360612247239144,0.15054284178182206,-0.08372108954433222,0.013724894506593472,0.12402592364833777,0.31752866124009677,-0.05460888960225026,-0.13075800568128937,0.39110493142278613,0.017035934410426317,0.13028526024500064,0.27853513009004777,-0.0028196224509513894,-0.07068065225290263,-0.017549906471936206,0.49706001110203785,-0.0793318127880482,0.16824064139175574,0.23203633289282774,0.007140345583275431,-0.05353305681296366,0.1304127546588301,-0.14115011905511865,-0.10469600861483265,0.02342697355927003,-0.03199564534172689,-0.011352125161826177,-0.08054844842733792,-0.027151532899154455,0.24441302917051325,0.29367826966871663,-0.010523063825259108,-0.1678952738703611
1,-0.10091742885793283,0.20359899618280747,0.5408615932351436,0.005439312903553413,0.4698615993074107,-0.05843041795917241,0.14888577471667566,-0.08540616723236309,-0.03576186128233532,0.27306109274108653,0.39554832884643476,0.3194066957450884,-0.010157800260894991,0.30126229453467246,-0.06800697863551902,0.012670872622485502,0.0563542741839132,0.08353289489813434,0.3482749716550133,-0.08635884135517315,0.3144739947922007,-0.021002769638157937,0.03399568598509591,0.439993139585095,0.04680404270653607,0.38700695334765006,0.006361697768810631,0.12432848747541121,0.3630958428776752,-0.05897620951151304,-0.02182690898184974,-0.06123475896016868,0.3638056452376603,0.0360089318155136,0.21265365060167155,-0.005838461563325041,0.3892646849584863,-0.05840369681940121,-0.08493518694368209,-0.0851512785566418,0.0017484015453046846,-0.0006929260480000934,0.3854127456343569,-0.020056609992488067,0.22389366804146488,0.32578387880649484,-0.03522353263845005,-0.08361329193500347,0.11322655839779694,-0.07203262119831454,0.13499916395560876,0.2511204396457546,-0.020937206783459752,-0.03181873553165503,0.26625175521219513,0.007192804123154427,0.01021348357407524,0.1276991450230995,0.2620400612531108,-0.044337410299625755,-0.07578869203630487,-0.006771656447237698,0.5072898977369491,-0.08891103605361443,0.37716620433510867,0.27255534525585423,0.06529118394281082,-0.05496241143612208,-0.06640143812750762,-0.02736400321787844,0.020931958712672942,-0.03150595823801223,-0.02665850134411611,-0.011506025576448411,-0.06699951000714262,-0.030826807946132326,0.15786801818482463,0.29736330841322894,-0.010451857988476063,-0.17561320222797083
2,-0.10317262471111933,0.2645527210221983,0.4705023332240923,0.006058226805078775,0.4050063285950781,-0.05251887478240275,0.15384683482909364,-0.0837869078730439,-0.03572654513525346,0.25010981932684456,0.5178626942755167,0.36481301078806216,-0.07600257076261345,0.2715125753238797,-0.0664751648980219,0.011881179979935487,0.05896540966297617,0.07073897425857198,0.3385711241386968,-0.08642796846747175,-0.011235684104561772,-0.02102301218562226,0.030040152207521487,0.3723777472925187,-0.012112444813332757,0.31793838027161747,0.0063927686037231046,0.1260239668736262,0.3670646064050657,-0.0810309617490833,-0.0007002782680752803,-0.06139929755375432,0.37338764214608466,0.03628547706747527,-0.04798721628774639,0.018395707717566545,0.4115350444920338,-0.05544894119145553,-0.07119192030106855,-0.0844655301910503,0.16744198745510966,-0.0034757210244459047,0.36608972431792103,-0.021834277129642796,0.24049601063981316,0.32481993509981666,-0.035163114756977226,-0.08726730176107819,0.06164835215971814,-0.07205772184244039,0.17493572587353148,0.44593607845406374,-0.020255145971395334,-0.023590768739577203,0.3502010774738282,0.09927718394947664,-0.011155538048630481,0.26679006182261705,0.28064453126197864,-0.04353229126436381,-0.07435733757885049,-0.00670940343344921,0.5120687080266988,0.04592694067942801,0.3035935299554106,0.3200784723962234,0.06422666380333449,-0.05215204064040156,-0.06706166607454012,0.09301134990034089,0.008836298617294838,-0.03127794533695481,-0.01941483932125914,-0.011376508899719015,0.3116109310925183,-0.027109918991426094,0.1862407643539556,0.2795427579616817,-0.010463976837007772,-0.1775054147565245
3,0.13998759445167736,0.1622405821558526,0.436659277059213,0.003273230952433773,0.4052512337776801,-0.05090523835413464,0.13958161052491164,-0.08133975103613712,-0.036068110252408934,0.23945214776381943,0.5439030755277501,0.35058283717823485,-0.07204280213248516,0.3571482640038787,-0.07072872248074,0.00966907848080767,0.05778119357819875,0.08296188571716615,0.3282437484737891,-0.09685181838269354,-0.06334902641585834,-0.0610878399431261,0.033507235975739555,0.3886792218907053,0.1073858336289075,0.3138797661496867,0.006206933868571679,0.12448685305480685,0.36720626184789756,-0.039132584060395964,-0.002984645985296824,-0.06317335385369777,0.3048646220847377,0.03595708826151164,-0.052283111985069845,0.017549306871435036,0.40253168724479416,-0.020964294396302117,-0.183717733440506,-0.08865389766689522,0.17682130335661841,-0.003280046317757258,0.34601940627379246,-0.01961995916816049,-0.02295390570319714,0.345558448658045,-0.03438443581823524,0.0062293470360792694,0.3401161406190063,-0.07169527245731498,0.16101953981104206,0.43467741817169187,0.2086071297946656,-0.0811574362359955,-0.03225673681108757,0.11187617773435589,-0.010420072525523811,0.26462365974960966,0.2964846275641638,-0.04311446929034348,-0.07468448676022307,-0.006716529917726606,0.5010760152518372,0.04442118897942389,0.302100174638755,0.2881468791196502,0.06342436332404355,-0.05505012237515857,-0.09916868849873825,-0.007499918437148162,0.00848166840881154,-0.03034287148921924,-0.018308921680669027,-0.01132948347098349,0.30822307271900645,-0.027555389661302446,0.17671068079198812,0.2816735652323172,-0.010454964100627021,0.21691505813219977
4,0.12909547507059083,0.15258429753952446,0.4205073167568886,0.0008987810593319055,0.40455224074391427,-0.05148950981822314,-0.019403529023853328,-0.08305863324932806,-0.03621443734868455,0.22752139161172738,0.5473062107860233,0.32363957036692387,-0.07077586983518,0.351844087275987,-0.07022108846352758,0.010171879046494515,0.05735945573453663,0.05172914193465529,0.3644607943863399,0.3517980834254074,-0.06437830542710658,-0.05752313299739423,0.02506347482154781,0.43378029206502255,0.06913337625092439,0.3401321999873583,0.006563047173150447,0.044568813635824725,0.3642223640085923,-0.035420034204467245,-0.0069079835914181665,-0.06372987028404253,0.23968820352811904,0.035355139214702125,-0.05497092535589312,0.016018492567387847,0.06444357586851834,-0.020991171083809233,-0.2104996737437743,-0.0868292511795645,0.1784290931709532,-0.003001584399674905,0.35200024337409114,-0.021897009449765078,-0.02488449187530942,0.34969413574340025,-0.034002429431266225,0.0075774755030547205,0.36392205999563637,-0.07229535798524184,0.1642536019205201,0.4367090695658201,0.42110360657324397,-0.07983675835883286,0.22741117360157823,0.11502287096420194,-0.021262928224636803,0.2732928322483729,0.1721609738559376,-0.042429023136949844,-0.07567768610996921,-0.006721062061559254,0.5006732635306143,0.04512396638718814,0.32898904835314935,0.30107813433859637,0.1368069891691648,-0.05189913485993399,-0.10525134238350592,0.05949985203665931,0.008858104268836523,-0.03013798065554016,-0.018541872043864586,-0.011368318317184715,0.3104098985455497,-0.027700477415969597,0.17458109782940257,0.2808867019518488,-0.010459363437191232,0.27498978828883347
5,0.07058811595293203,0.1862158591131603,0.45279067815238594,-0.0024159294702524444,0.40981631999841567,-0.05107095082985238,-0.0068961130018096424,-0.08490445623401863,-0.03639595331166637,0.24723144936822666,0.5498529378252744,0.33995511977399373,-0.07440311469504649,0.36310160779741807,-0.06937812903500987,0.01107926926130677,0.0550956259143255,0.038961029174072064,0.3346814401542802,0.3362471753887436,-0.06470673052102718,0.18017082007860466,0.026133172641532545,0.42352196138890946,0.09417921627418008,0.3146970427340345,0.006872623556842826,0.04521895610921326,0.3708128631706046,-0.033772223188286044,-0.004166772002719627,-0.06530441055869633,0.2700462855116598,0.035743730256583284,-0.05566405757321711,0.013285535027682488,0.4028204870427648,-0.021024854323340343,-0.2078927370295,-0.08621223930856514,0.1663071035046581,-0.002916244949220863,0.3330854759913561,-0.04844094183015374,-0.024696256546512262,0.3358624919371866,-0.03347772082854654,0.007099090687989546,-0.025146606473522414,-0.07358570527670219,0.16632882899123663,0.06715761135374324,-0.009650837129646634,-0.08104336338766771,0.28871287831222964,0.13528988179754264,-0.022774728936953693,0.2777809393054014,0.2513026227430693,0.08987838016134529,-0.07559957793140946,-0.006682475283413341,0.49493930954803445,0.046217289986080365,0.31550148395601185,0.3142587977303001,0.1379223378627821,-0.05337331456711024,-0.10339744404604649,0.08011163025563076,0.009425218745645246,0.3647764532087265,-0.030306920989341762,-0.01154933397536946,0.3102716651498526,-0.0308277651642415,0.11298187806386131,0.29838504909238645,-0.01044754282444419,0.2841659929891018
6,0.06751657267599481,0.18498868571317637,0.4343077866067633,-0.003943261297695148,0.40700844679689263,-0.04594764632050391,0.016396103084230517,-0.08403202259399947,-0.036390269399257484,0.26017204616698597,0.5520497920381289,0.3299605245469896,-0.06245819077076936,0.3643265526951671,-0.07038586165911606,0.013642920806859738,0.05385312017731403,0.039073556738987825,0.3420964918980743,0.3391927245503833,-0.0648143212542046,0.04759563135770074,0.02847182532136411,0.4360228992596258,0.1036461866868736,0.3219166505575865,0.006695803884649837,0.20351744139133035,0.3684014957552452,-0.02759861665962537,-0.0026024125889119966,-0.06500213041780743,0.33646313257710647,0.03560449939885709,-0.05566290498618255,0.013708841180597842,0.40055565433024515,-0.02101268893284231,-0.20819864348934353,-0.08722177594798787,-0.03577864684998199,-0.003204428213063697,0.32880685566587775,-0.04866952881328518,-0.037757624553602626,0.3454624025442697,-0.03347745378510194,0.0037696876954041985,-0.023962569729980527,-0.07351142369900844,0.17736657312375603,0.06880978915357093,-0.025441958783483345,-0.08082424624275618,0.2867797067503388,0.13441906998849107,-0.024345167695492557,0.27980984139282594,0.24219961628274617,0.09189263590885409,-0.07379086222310528,-0.006688587331770325,0.48687284906445355,0.04440585851233572,0.31277291524803674,0.3160236627504146,0.14272854563004816,-0.0541782325651073,-0.10035105037387655,0.08123628606311446,0.009691659501537492,-0.025969407947718518,-0.030097546874119203,-0.011459241139588357,0.3129232158719484,-0.030827447858222456,0.19683126575702778,0.2954996275754264,-0.010408848278166525,0.30005235193458657
7,-0.22489807194481878,0.1904288196668679,0.4215642052607124,-0.0036111947792256847,0.41014429480511333,-0.049338371760617124,0.09027077786682026,-0.08076098424957363,-0.036480879785497466,0.24431635318480355,0.5467695944669982,0.33473046032139253,-0.07699717715067032,0.3585445984178893,-0.0711297847458689,0.014487481665441062,0.05314788649057126,0.03519273034270467,0.3523518163963031,0.33834804795289236,-0.06477721833498586,0.04548336493153121,0.027060007015884322,0.4241735802026977,0.11285499504094647,0.3408838916213154,0.006394561987617434,0.4366008020788351,0.37584062439104854,-0.026969551860038254,-0.0025153993921418196,-0.06465715060945805,0.3542882515291263,0.035540414191497435,-0.05631306884950669,0.005612614602364155,0.35919819469662284,-0.021055681060184156,0.179033987794065,-0.08967341789762173,0.1647117774177284,-0.0010553554817085069,0.3226923340173911,-0.050556819696701734,-0.03636979671015027,0.3292972448224623,-0.03320592707392794,0.0038786944968321048,-0.019098354147465656,-0.07347884721327057,0.18515990397494778,0.07026546882705578,-0.0734998308475026,-0.08253375127520235,0.29336105329196904,0.1302144016541266,-0.023809149805666632,0.26927196240722556,0.25374777898261547,0.015233542999260595,-0.03681013120433654,-0.006677073081925708,0.5001327625134305,0.04495118783691293,0.30759869769222303,0.30629403392682253,0.14861685343268383,-0.05595177746322892,-0.1019769769505685,0.053391984957985646,0.009116384097384144,-0.02634482589185501,-0.030102283003925676,-0.011426588966354357,0.31345373661334786,-0.03082603243246831,0.09477159109913273,0.29290698736171233,-0.010455261007665818,0.28880730997157184
8,-0.2245882334051579,0.22754963316786855,0.33236155550294766,-0.0047520868381572086,0.39801370020388716,-0.04486503717990557,0.08608286399159538,-0.08161794503825119,-0.03650176695019379,0.2392894840139742,0.5947510827456396,0.3375683867453466,-0.07654857972642375,0.3516057363252082,-0.07074366943982278,0.011804234112417005,0.053262971839348604,0.24880578385867433,0.3531694213536393,-0.05660817886359866,-0.06458880514278907,0.45265380255991244,0.03038101438945922,0.41095799939484146,0.12409284345575429,0.34269572830717704,0.006485039760549017,0.3736365802485125,0.3669884884612654,-0.0453116171513795,0.001343613349627619,-0.0636301576661561,0.3327364107421435,0.035343266630955356,-0.05428424282648946,0.013302866102450616,0.07186324059534478,-0.021035787627876786,0.1792475821879777,-0.08916492778525631,0.17656346168368298,-0.0032476043565483953,0.2830967600790226,-0.052175120182829805,-0.03136013826719984,0.2995676090514947,-0.03307638674798788,0.003756055259433262,-0.023431809757880364,-0.0733530046199834,0.1900941796671562,0.4408315034383066,-0.07367652678304676,-0.08084385030836512,0.12248752372373449,0.1020408997590891,-0.02535188715994623,0.266179637246604,0.2593326755755234,0.030977266122595652,-0.0280022870897898,-0.00669307416318141,0.4335816056531119,0.04535604768582361,0.3196499743149117,0.3150512975858226,0.15064043172911967,-0.05651961744212185,-0.10178477267439165,0.0016006172898279543,0.007854817480616175,-0.02732118733075405,-0.02980340688587563,-0.011457262422921033,0.31252196834457824,-0.03082631762846825,0.11315379815905839,0.28224374790915013,-0.01045362488937916,0.3133006304061039
9,0.2433683956957511,0.19646339845450017,-0.012819015566541442,-0.00516239000669193,0.41917728607842036,-0.043158021962716196,0.018176567875278327,-0.08049872888850933,-0.0366042036949723,0.2087869871866966,0.5883442472178955,0.34206661150515605,-0.06338882743844332,0.3359664642334793,-0.07163707009141905,0.013753127926453319,0.05338858540640437,0.02343217246602342,0.37798243140346416,-0.05697624179409305,-0.06543033242657802,0.46792920185424464,0.03154725521752823,0.4077718683815408,0.13009209644353664,0.38362086860411426,0.00700779759526651,0.30240398123580214,0.3751652206897507,-0.022268612932199505,-0.00033635485122829507,-0.06085855839929746,0.3472167903228402,0.03477261966222745,-0.0556605681109442,0.007336215259261273,0.08413011429419132,-0.020928238559896534,-0.035753390319003486,-0.08888006490842032,0.17669693856730767,-0.005146378104663489,0.320801660463963,-0.05112665595850518,0.34634305148719263,0.32714137828806716,-0.032850063744457654,0.0007263261497158217,-0.0174079934309569,-0.07330403413697444,0.19421014354614233,0.4437942906113416,-0.06871079260930381,-0.08222791426891124,0.1258177060998761,0.07448042827891835,-0.02738200993133416,0.26638241060739165,0.24045173072950432,0.0333333712574975,-0.02941145912511157,-0.006725405849920712,0.4304612896462057,0.05386112664620537,0.2680957790900892,0.3005923835387512,0.14939807447883763,-0.058666468541737946,-0.1785820053590589,-0.0126290551249575,0.007039456226035572,-0.02503077475404467,-0.029561559734301322,-0.011385172329040589,0.3124249140390255,-0.030826088043692194,0.1257292046132204,0.28179441799215504,-0.010469888237902505,0.2886702540524516
10,0.06378851877444072,0.20161621876728558,-0.02655246070107087,-0.005565623674311764,0.4305205809552022,-0.03565880400579175,0.018016857626309588,-0.08632965343452204,-0.03676943035805756,0.20521054951677406,0.5595314958059333,0.33367042169371786,-0.06397126452994964,0.3323028869331482,-0.07203638011985432,0.015613660883083906,0.053182647801032136,0.01942777440976607,0.363966940436807,-0.0569216698132198,-0.06461517976857492,0.47529836694637023,0.031403721753653045,0.4073892482449317,0.1214117562553443,0.3964470189682272,0.007029440014327859,0.22521277214034496,0.3847378400513906,-0.021770620937125156,-0.0006079105130876799,-0.05876100147319071,0.36535961856034704,0.03550822486250933,-0.055693508683708724,0.005581805150623666,0.37844358705495074,-0.021005727239734137,-0.031197222693286564,-0.08773685630151143,0.17683801817498357,-0.005631235519097199,0.3295115378667215,-0.0513717138595093,0.3563177756989393,0.3281593189411316,-0.03261375394930014,0.003355908323272355,-0.01456155850921428,-0.07257334247215419,0.19356493812021505,0.43411084466748906,-0.07129479624258286,-0.08650071906102502,0.12578059010956255,0.009041136536514487,-0.02421042273901883,0.268264233535396,0.2686953542348021,0.03224244186589426,-0.008139016469142274,-0.0067220026747382726,0.41718930381287306,0.05581907877981166,0.2636766953499921,0.3051898893226961,0.14802755820452465,-0.05730839031429051,-0.16404253960527296,-0.017124581675576494,0.006900410663487549,-0.026366117725089473,-0.024629390596212063,-0.011355412530441582,0.310232387096463,-0.030824910306850962,0.13843275051868228,0.2829493610024915,-0.010485401970728584,0.3058484103047298
11,0.06372553106488597,0.2086009153750288,-0.033728396461821616,0.005823071989755163,0.42156959429402885,-0.03478327141410579,0.017081205981027383,-0.08632364949303553,-0.03682360377055468,0.21265446284211062,0.5715937472937458,0.33753641246335064,-0.06656745216719968,0.3310819918816378,-0.07182220221206102,0.05720188278679724,0.0067548337164913775,0.03468398472655758,0.35699012851375683,-0.05919523208516764,-0.06496809552280257,0.4811297204951133,0.03109122251577098,0.42972241147802787,0.12284568106158408,0.39163496145858867,0.006841426821615444,0.2041578470333567,0.3673891927808955,-0.020802793426242208,0.0007856054126098479,-0.055658544380477515,0.37128690028441375,0.035691852338620544,-0.05597800837030918,0.0012129599251592931,0.38194407945973285,-0.020900216345270853,0.1425921890573887,-0.0873673413696043,0.17869056668028682,0.0003030189733774024,0.32279632886749166,-0.0517365774787525,0.35602101719394724,0.32469296701361133,-0.03250362257040047,-0.0028417983914989977,-0.017554690532510433,-0.07263110086301036,0.19615395154195556,0.4179323538512928,-0.07449507566682385,-0.08605305437168707,0.12384108885896956,-0.019487756239002414,-0.020165684866636256,0.2676229082093422,0.27053407589890305,0.032034362776944,-0.012689962733871992,-0.006707220541447935,0.3867737907291708,0.049525998900053346,0.2650574946042189,0.30370785365329733,0.14879002288802373,-0.0568082155863674,-0.14690448923112862,-0.01231600898868272,0.008635580527912617,-0.02584232625023853,-0.014055720203554044,-0.011311238678117027,0.3122501025681367,-0.030824867418347078,0.11369193185285383,0.28523274528693043,-0.010474359265811637,0.30611302323410416
12,0.06432742601417368,0.19105532234531977,-0.031095566256429587,0.006555800895171843,0.4152108053205217,-0.038146907091069916,0.019672891705373178,-0.08584714210097166,-0.036780132910336404,0.23331174935911358,0.5910233215395796,0.3184584861710464,-0.06834287978191991,0.3345723690703767,-0.07145374276886522,0.058808062291254896,0.0038844863913369138,0.029915256763735375,0.36022481936373607,-0.05923271989008165,-0.06464301575456674,0.48150663244450553,0.04109795478343214,0.436400023471978,0.1206761810870546,0.38115724577663807,0.006540454763213344,0.2035962601607138,0.25037675730600417,-0.020109173446111756,0.0035435876133558105,-0.054825282910991376,0.3848282122791808,0.0357026730059187,-0.056459007346718236,0.00307134795610181,0.37618711066943844,-0.020940959366767705,0.14720183911020118,-0.08752490218693777,0.17892597186037798,-0.0009950352280015777,0.3026209903973035,-0.05154872148659662,0.35256941355939125,0.3289743945730566,-0.032609066582182065,-0.0012891774507587494,-0.021042080659138727,-0.07274998636541331,0.19334118179019483,0.3915190850967976,-0.07522678258905784,-0.08515898047335485,0.19331695755180325,-0.01871751191673386,-0.01999281981610829,0.2650340664650527,0.2650777640893166,0.032101202781072306,-0.012431442804700755,-0.0067248473822739295,0.36938348016892913,0.049290287710293056,0.2320716021455842,0.3029382170325194,0.14900167386730345,-0.057128907464704365,-0.13466191214636444,-0.01283977627578662,0.008742478641067383,-0.025461296785771012,-0.009905496311568927,-0.01144703650335714,0.3129279886612742,-0.03082583906152317,0.11514851348724896,0.3220392574787153,-0.010500668707885037,0.30670583794226736
13,0.0664264587701278,0.18725647261424297,-0.031747447149255224,0.006714828345469394,0.41328316532535253,-0.041173188327491506,0.021298624516894026,-0.08560245584812509,-0.036774052415087424,0.24000281866929285,0.5704869618964689,0.33336638833925625,-0.06642589979216931,0.3343130875824061,-0.07111532399613514,0.05965099710586551,0.0031939160770033596,0.030323298974292024,0.35834107084022515,-0.05731794711480382,-0.0647461792645597,0.487992054399048,0.03987964563421876,0.457176279932858,0.11803674196197589,0.3827494407386411,0.006448837660683477,0.22389190162819633,0.2651541046488302,-0.017966303135425493,0.002421279995619571,-0.05719580563459996,0.41400132554359426,0.035486556839534944,-0.056718827934130384,0.0034983834169429327,0.39738573088214807,-0.020997911063227293,0.0724347576803031,-0.08702629077938849,0.1767599319998449,-0.001358527057870774,0.30375073778659034,-0.05161909736090399,0.34910471498529705,0.3262752660470462,-0.03259685421125694,-0.000531057728289579,-0.01672659546407,-0.07272543267877088,0.1856302666510123,0.2116978990247083,-0.07528966710053583,-0.08409266189276636,0.16149646745684318,-0.004306236599098968,-0.018884458390107984,0.26547954199974105,0.2656056995675791,0.03220359724802916,-0.009512193415459065,-0.006727277599183819,0.3562653287261973,0.04774547297863002,0.2382690539141397,0.298326151069741,0.1488946142262149,-0.05722682413772677,-0.12668355522966343,-0.013826604583096059,0.008794143845361231,-0.025314448886729603,-0.018639725410715933,-0.01125994672024688,0.31555980921398064,-0.030827387715977712,0.11333029729537733,0.31687616337945695,-0.010488014805350172,0.3062618204795058
14,0.06623562774727251,0.1857190624699095,-0.02440318589671653,0.00691241524785293,0.4143837590159645,-0.05588455160598947,0.021412388477063143,-0.07266827330810885,-0.03672728861604498,0.2456662095439538,0.5658355104619397,0.3480245831537264,-0.06556635033164404,0.337641268531101,-0.07079849447018692,0.05988855118442117,0.002942031654139068,0.029079225783278685,0.3538893425445455,-0.05030371344285296,-0.06485910379292183,0.4866706358004313,0.039418001180670285,0.45679707613873255,0.12158113694369749,0.37502352297527036,0.006606402036883238,0.21980412853913842,0.265210879062041,-0.01722627621644714,0.002143611431807766,-0.06127916061533479,0.4184342694412624,0.03555759169293555,-0.05718377902831,0.003346406913919391,0.39441791078717586,-0.02105032227694513,0.07327305209922809,-0.08829619199089801,0.17665201161951558,-0.0013644241189791665,0.30076690453184834,-0.05163094044253155,0.3435560681334108,0.32977045588986315,-0.03265857987881738,6.372812293945577e-05,-0.015210788502946736,-0.07285031630116705,0.17622857811980544,0.20176387030252904,-0.07490606159462194,-0.08300111164485809,0.15225490002258044,-0.007104596633996146,-0.019184980209119608,0.2660627974311033,0.2647113045042501,0.031838695153121786,-0.014018997425383182,-0.006728741646030531,0.33805558558954696,0.04826412777022622,0.241999983316509,0.2950855497529618,0.14811857326075653,-0.056833585959399704,-0.12044837010039432,-0.01362799816610428,0.008828589200383801,-0.025564075643152905,-0.0244601554404759,-0.011350873556405907,0.3161644424492526,-0.030827734593731445,0.11432705559650341,0.3100211891523135,-0.010495440528775735,0.305365546026555
15,0.06601608099086806,0.18347894353770794,-0.0031571711213620834,0.007047769790074451,0.4129248181580204,-0.05717520368157659,0.021356636919649872,-0.06850797390763617,-0.03667865206315976,0.24898248156671232,0.5603098678881722,0.3634471031609707,-0.0642000495037716,0.34045329475291713,-0.07092107473790815,0.06014281204228574,0.002822682019747005,0.02871369186907707,0.3509268203351255,-0.05158163278518129,-0.0649456584309137,0.48637611374651213,0.03870223301986219,0.4568267351794807,0.12476045315252178,0.36894789581202336,0.006715318714200719,0.214611865319843,0.26593392844216374,-0.01683600767668466,0.001813315153142249,-0.06098613210310343,0.4209681812394341,0.03559512394880874,-0.057507213846759324,0.0031509288380518505,0.3871356603551584,-0.02105031243527105,0.07791782982080063,-0.0895807607911071,0.17664191348287375,-0.0012470193212699213,0.3029604192114718,-0.05160321565649122,0.3401391692015441,0.3318966890323238,-0.032690201400998944,0.0005973055871172168,-0.013623009181748505,-0.07300281845007896,0.175564630407658,0.19420437014328493,-0.07507578462713628,-0.08202269790256739,0.1443093626722006,-0.009113757537326251,-0.019480222086926624,0.2660025093756016,0.26345840809504517,0.031325479998427885,-0.013807901552449132,-0.006728976518603268,0.32518026162207453,0.048725160256736975,0.242459779638655,0.2921499055342663,0.14785049387844684,-0.05682382187087309,-0.11582996909846102,-0.013658589613452617,0.00881283854494766,-0.02549020234021223,-0.02729887817733834,-0.011436809134059258,0.3164880761886271,-0.030828257976926166,0.11598270488416709,0.30373627590893143,-0.010495657722000638,0.30555394450347795
16,0.06575652785311309,0.18171184764992399,0.08182859802322899,0.007245526281035285,0.4109494392361426,-0.057689595556124726,0.020855935510718796,-0.06613640210114191,-0.03660420584576357,0.25061761977515673,0.5551827189669063,0.3767042255213179,-0.06418750300027508,0.3418848583383957,-0.07106774271180595,0.060401404371892994,0.0027001056086239095,0.029510036122759105,0.34963738871621347,-0.05235006254659478,-0.06507530903091012,0.4861746191182721,0.037762867299585647,0.45649174916614044,0.1264853448923807,0.3656253326132197,0.006783759032309229,0.21172713017815992,0.26650123985022206,-0.017450284149425194,0.001456034034724126,-0.06085545111885127,0.4221516604136109,0.03562277801449196,-0.05780407971615999,0.0030989383171000236,0.3796267487711788,-0.021073712376543614,0.08168964215707115,-0.09030113698766645,0.17626225166387605,-0.0012685373059894204,0.3076214870682105,-0.051567066329908845,0.3382432921483789,0.3324422909431143,-0.03277220229488966,0.0009771194483705762,-0.01354892244754516,-0.07325234566129231,0.17603688456821315,0.18643726721942658,-0.0751383237769696,-0.08131812223006368,0.14201519509681435,-0.01199010836418147,-0.019916490384245283,0.2658923992965853,0.2624524227219961,0.0303889069828925,-0.01445417839388725,-0.006736614130057214,0.3189202601955778,0.04895451690284561,0.24023675410761786,0.28980258190629266,0.1478416899660973,-0.056769408520434876,-0.11249328482144615,-0.013967786288714043,0.008749140388929998,-0.025517961938146205,-0.029473181086581972,-0.011589027910737853,0.31690957027321637,-0.030830753108879446,0.11788976206079224,0.2976169610152921,-0.010502968976499397,0.3058218212761215
17,0.06552690203675994,0.1818196252915186,0.2332558187944506,0.007457866386663413,0.4091229909554206,-0.05707743505581393,0.020082584815441718,-0.06409314899636624,-0.03653671346209919,0.24948940615423193,0.5529175190965938,0.3825751158260837,-0.0659377456342518,0.34174452599961197,-0.07128232420036407,0.060675652959504923,0.002613846152026035,0.03232025383612171,0.35009960682203706,-0.053303782256306914,-0.06527069805437233,0.4863133432875407,0.03621854804233393,0.45313149812399933,0.12469057999709512,0.36506014611073223,0.006784325080586304,0.21149485651564784,0.2668306315977247,-0.01937156290531691,0.0007002024238648977,-0.060942839280800264,0.42133517445423435,0.035680001042047056,-0.0582359549632926,0.0032907454500624494,0.3706250710742611,-0.02111165315454777,0.08316681328286962,-0.09104428057633229,0.17553179857314863,-0.0014883279976290076,0.3136999942619605,-0.05163118291970199,0.3370267584386112,0.33337798494758736,-0.03280511161869792,0.0012470096365485776,-0.01612803783437358,-0.07343388977751023,0.17793666668743796,0.1757760624852506,-0.07530741353482429,-0.08075339408897522,0.14341261914139736,-0.015100082158430941,-0.020295175708716855,0.26517086398639333,0.26143987388713513,0.03027481799543653,-0.017457605048409215,-0.006735168835680821,0.3188190684796295,0.048700533921073486,0.23752515278042918,0.2893748067698137,0.14792747054508038,-0.056799597963610726,-0.11047121865771893,-0.013804539612328005,0.008714443457104084,-0.0264786167163937,-0.029968182277399502,-0.011553858713679258,0.31727653607025225,-0.030830986273489343,0.11966896754776368,0.29321599616408467,-0.010493397141045805,0.30571047043654787
18,0.06543214704468633,0.18127979900532007,0.2918244997834303,0.0076808822028460386,0.40743217469076215,-0.0569313064863969,0.0199337451850681,-0.06319342963854951,-0.03651873136051234,0.2464871031497017,0.5513550497783651,0.3909037120261207,-0.06500325027255845,0.3421406014596068,-0.071302355526688,0.06069799578194713,0.002300479797067831,0.059054455952135904,0.3496730324306244,-0.053667349549370406,-0.06529487892116413,0.48601050628109616,0.036447421002981754,0.4495162806173834,0.1254837222234979,0.3636145750595834,0.006797380477182542,0.2063749593225122,0.2673263946947123,-0.02207682645395888,0.0014016630958578265,-0.060874205482394535,0.4212628454825212,0.0357311103287414,-0.05833324301740096,0.0029828757413477326,0.3615922314763301,-0.02101572937841124,0.09079254776827636,-0.09135024629927507,0.17469228145435872,-0.0010508983733671375,0.31686556345969724,-0.05166240135489297,0.33618692684487456,0.33069980563110546,-0.032850250480813484,0.0017374624900413564,-0.017780883432828538,-0.07333415051162694,0.17909376266382887,0.15721472571344325,-0.0753231293519896,-0.07956141745072605,0.14714475269244842,-0.009402321723071322,-0.019616050576667387,0.2650956208379512,0.2607352767258228,0.028810971177361,-0.017467549733654133,-0.006715684167055733,0.3182417381328987,0.04846524234138645,0.2330980689640615,0.28930113348794634,0.1479956834917999,-0.057123603505208155,-0.10765742454393387,-0.013392259981178677,0.008191557302089454,-0.026050370889992694,-0.02934730024345224,-0.011419151750060585,0.3173116646507074,-0.030829319811715734,0.12282914915064591,0.2888143926022576,-0.010489203712043697,0.30678986850433004
19,0.06525768589852378,0.18069954486472284,0.30475310703180797,0.008695675633798985,0.40035669953668923,-0.05658855434886977,0.023370917778788376,-0.06236526136700445,-0.036502491980987865,0.2500827420297477,0.5453449430172215,0.40189722561042585,-0.06594903422109742,0.3405285715775886,-0.07139604706993456,0.061114161508277344,0.0004719890060844455,0.28483128128988433,0.35158621393896505,-0.054078320961654575,-0.06530901421589179,0.4877390537306803,0.03755321970803043,0.44936951270186465,0.11360777296298268,0.3658071983576935,0.006669822074400638,0.20506941141118176,0.26748613247972486,-0.024230573925325988,0.0023031807504339287,-0.06083063261660089,0.4229221242551376,0.03584608295587692,-0.059455883839502545,0.0007111528522386324,0.36599335177769776,-0.020985350173778193,0.0955350680670136,-0.09158244232000873,0.17485646968544039,0.0014884309403486195,0.3190676372338615,-0.053037555013894525,0.3363456722979232,0.3195276475442442,-0.0328884713479761,0.0034433855368968852,-0.02350888766083601,-0.07262272444403432,0.1790111524256692,0.0624600518095323,-0.07537914425337079,-0.07983172480800786,0.1584849509315817,-0.010574446324742996,-0.018726113728344214,0.2652369157240241,0.26302482412028033,0.025291052406705164,-0.018553427696153577,-0.0067324207910960535,0.3213130641911628,0.04674180385153423,0.22599392265705734,0.2859952377990038,0.14786628658691914,-0.05715889278363216,-0.10594937182818073,-0.013066861935469663,0.004316938646101768,-0.024932990316825273,-0.029067513180717576,-0.011439206372931967,0.31752750928394907,-0.03083035692484815,0.15339948640361167,0.279083317328366,-0.01047785967711126,0.3076493772766056
